psu_hh_idcode,subjectivePoverty_rating
30_8_1,4
194_1_2,1
224_6_1,3
323_10_1,5
428_10_1,4
809_6_2,3
138_2_1,5
329_1_1,2
409_8_1,4
186_4_2,5
688_5_1,6
364_6_2,3
528_8_1,5
758_4_2,7
647_5_2,4
176_7_1,3
328_8_1,2
512_8_1,6
431_4_1,4
31_8_1,5
174_2_3,2
581_7_1,1
60_1_1,2
580_9_1,1
742_8_1,4
427_7_1,5
589_5_1,2
376_4_2,5
452_1_1,4
579_2_1,1
223_7_1,7
689_7_1,8
797_5_1,2
86_2_1,4
203_3_1,5
55_4_1,5
575_5_1,7
731_7_1,7
482_3_1,8
751_9_1,4
147_8_1,5
185_6_1,1
477_8_1,5
262_1_1,7
599_1_1,7
773_4_2,2
409_2_1,4
311_5_1,5
386_7_1,2
62_4_2,7
262_6_1,8
507_4_1,4
377_4_1,3
305_1_1,5
398_8_1,6
322_5_1,5
161_2_2,2
361_5_1,4
390_4_1,2
640_7_2,4
480_3_1,6
28_2_1,4
69_1_1,2
197_2_1,3
750_9_2,3
367_3_1,2
329_6_1,3
829_1_2,5
710_12_1,6
235_8_1,3
517_3_1,7
378_4_1,3
146_5_1,4
379_5_1,3
391_5_1,5
339_2_2,5
507_8_1,5
464_7_3,6
381_6_1,8
751_3_7,8
601_6_1,4
685_2_1,4
624_2_2,5
664_11_1,3
777_2_2,6
751_5_1,4
322_11_1,5
403_5_2,6
803_4_1,5
145_2_1,5
392_4_1,5
59_6_1,3
829_8_2,6
270_4_2,6
660_6_1,1
63_8_1,5
371_11_1,9
301_10_1,4
286_8_2,7
333_2_1,5
121_2_1,5
284_8_1,6
648_7_1,5
67_10_1,2
585_2_1,5
147_9_1,5
519_2_1,5
496_8_1,8
733_8_1,2
184_11_1,2
619_5_1,7
551_5_1,4
474_1_1,7
530_7_1,7
8_7_1,4
146_3_1,5
396_5_1,2
814_8_2,2
672_8_2,3
167_8_1,4
490_11_1,7
60_2_1,4
738_8_2,3
4_10_1,7
33_9_1,2
465_5_1,4
648_11_2,6
23_5_1,4
131_11_2,2
367_11_1,5
30_2_1,2
29_7_1,3
364_5_1,4
190_4_1,6
3_3_1,4
13_1_1,7
454_4_1,7
800_5_1,3
190_1_1,6
624_4_2,5
699_7_1,5
353_6_1,5
593_4_1,5
739_2_1,4
741_4_2,6
7_4_1,4
341_4_1,5
358_5_3,5
768_10_1,3
11_1_2,5
300_2_1,3
264_12_1,7
130_16_2,5
730_5_2,9
48_6_1,3
59_5_1,7
135_12_2,3
179_4_1,5
309_1_1,4
505_5_1,3
356_2_1,5
508_4_1,5
726_7_2,7
492_6_1,6
568_2_1,9
331_5_1,4
178_8_1,6
12_6_1,5
213_8_1,4
42_8_1,3
385_7_1,3
396_7_1,3
785_2_2,4
248_7_1,6
382_8_1,1
705_4_2,6
442_3_1,4
336_5_1,4
471_7_2,7
526_6_1,4
210_1_1,8
784_9_1,6
152_10_2,6
629_4_2,5
752_5_1,6
395_1_2,5
192_9_1,4
236_2_2,8
770_5_2,1
380_7_1,5
760_8_2,9
226_10_1,2
759_2_2,4
543_2_1,3
651_2_1,4
729_5_1,6
240_12_1,3
494_7_1,4
681_8_1,6
678_6_2,7
661_7_1,2
150_7_1,5
375_6_3,3
324_9_1,5
377_8_3,5
48_3_1,3
243_7_1,4
552_8_1,4
74_2_1,4
501_4_1,4
688_7_1,6
3_10_1,5
536_1_1,4
770_2_2,4
631_6_1,3
731_9_1,8
285_2_1,7
786_2_3,5
750_11_1,7
792_9_2,4
639_3_2,8
516_3_1,5
726_8_1,4
494_2_1,8
628_1_1,5
270_5_2,6
503_1_1,3
590_7_1,8
17_5_1,6
556_3_1,1
284_3_1,7
133_2_2,3
67_12_1,7
403_3_3,6
681_4_1,5
451_4_1,5
167_1_1,7
288_12_1,2
200_2_1,6
135_9_2,2
438_11_1,5
629_9_1,3
96_4_1,4
805_4_2,5
450_3_1,4
811_6_1,5
498_8_1,4
657_7_1,4
512_2_1,7
642_5_2,7
764_2_2,4
388_4_1,3
145_8_1,4
95_4_1,2
265_8_1,4
785_3_2,5
195_3_2,4
137_4_1,4
85_5_1,2
209_8_1,2
195_2_1,5
63_1_3,6
296_8_1,6
408_7_1,5
708_6_1,3
825_5_2,2
265_4_1,5
370_5_1,2
457_4_2,5
670_6_3,4
735_5_1,4
325_4_1,4
602_6_1,5
584_8_2,7
316_4_1,5
71_2_1,1
188_9_1,5
434_10_1,8
410_10_1,5
245_7_1,7
256_5_3,6
429_4_1,6
308_10_1,5
276_4_1,5
714_12_1,5
279_3_1,7
130_11_2,3
779_2_1,3
805_2_2,4
328_4_1,3
524_7_1,4
201_7_1,7
458_5_1,2
293_5_1,2
546_1_2,4
158_6_3,5
10_8_1,4
41_6_1,4
767_3_2,4
597_5_1,3
293_4_1,2
413_6_1,4
773_1_1,2
680_10_2,4
390_6_1,3
787_2_1,5
350_6_1,4
217_3_5,4
688_6_1,5
434_9_1,5
721_6_1,9
601_4_1,4
351_7_1,9
810_2_2,4
786_3_1,7
486_2_1,5
180_2_2,4
289_11_1,3
335_10_1,3
86_4_1,5
351_1_1,5
668_7_1,4
281_1_1,9
222_6_1,2
659_1_1,2
285_5_1,9
93_1_1,5
604_9_1,4
629_5_2,4
728_5_1,6
186_1_2,3
555_6_2,3
786_1_1,6
633_7_1,3
12_1_1,3
421_7_1,7
634_10_2,4
560_8_2,5
430_1_1,6
20_6_1,5
733_7_2,4
822_3_1,8
133_1_2,3
216_1_1,3
64_9_1,5
328_5_1,3
395_4_1,5
660_4_1,4
503_6_1,3
418_4_1,2
25_8_1,7
417_6_1,4
289_4_1,2
254_2_1,4
603_4_1,2
368_11_4,3
639_6_4,7
717_11_1,4
135_4_2,3
681_9_1,5
764_1_2,6
60_5_1,3
50_3_1,2
288_9_1,3
361_4_1,5
383_4_1,4
490_10_2,7
573_4_2,4
549_5_1,4
95_5_1,3
654_6_1,3
221_6_1,2
393_1_6,4
740_5_2,1
521_1_1,5
539_5_1,7
253_11_1,7
128_8_1,7
101_1_1,5
680_2_1,4
702_11_3,6
738_6_2,7
443_2_1,1
194_2_3,2
131_10_2,4
153_9_1,6
379_6_1,4
323_7_1,7
27_1_1,3
420_11_1,4
434_7_1,3
628_4_2,5
558_9_1,5
790_6_1,3
716_7_1,8
785_1_2,5
807_9_1,2
751_8_1,4
131_4_2,3
761_10_1,5
435_9_1,5
762_11_3,6
678_2_2,4
744_1_2,2
728_8_1,5
322_6_1,5
445_8_2,8
409_4_1,4
203_10_1,3
308_3_1,5
634_2_1,6
437_6_1,5
228_5_1,1
755_5_2,1
415_2_1,5
672_4_1,3
79_2_1,3
205_1_1,6
144_1_1,3
51_2_1,6
178_6_1,4
701_7_1,4
707_9_2,8
783_4_1,8
186_6_1,2
500_7_1,4
117_7_1,6
649_3_1,6
208_11_1,2
828_2_1,6
758_8_1,6
416_5_1,4
797_4_1,4
358_4_1,3
425_7_1,5
451_1_1,7
195_8_2,4
470_7_1,3
400_8_1,3
710_9_1,5
749_3_2,5
359_2_1,4
193_10_2,3
150_1_1,6
95_1_1,3
165_4_1,3
198_3_2,4
669_8_2,4
315_3_1,4
193_3_1,8
638_8_1,8
170_3_1,8
560_7_1,4
188_3_1,7
668_4_1,4
93_9_1,5
570_8_1,5
430_5_1,2
338_3_1,6
41_3_1,3
303_3_1,2
172_3_2,5
667_3_1,3
90_1_1,6
5_7_1,4
685_1_1,6
593_8_1,6
300_9_1,5
38_1_1,1
694_6_1,6
493_4_1,7
772_7_2,2
77_5_1,3
591_8_1,1
381_8_1,5
437_5_1,4
102_5_1,3
88_1_1,5
89_3_1,5
570_7_2,5
832_11_1,6
68_4_1,4
138_8_1,7
708_1_1,1
817_4_1,4
240_10_1,3
156_5_1,2
621_9_1,5
123_11_2,4
369_2_2,4
125_3_1,6
834_7_1,5
389_5_1,4
246_11_1,8
776_7_1,6
189_4_1,4
770_9_1,1
685_8_1,6
718_3_1,5
621_5_1,5
576_5_8,4
630_9_1,3
400_7_1,4
786_9_2,4
305_2_1,3
443_9_1,7
59_2_1,6
69_7_1,2
771_2_2,2
44_6_1,4
492_5_1,5
667_4_1,2
178_5_1,7
695_3_1,4
166_4_1,5
827_9_1,4
20_7_1,3
44_12_1,4
821_4_2,8
708_4_1,2
753_2_1,8
92_6_1,7
315_7_1,4
746_2_3,5
609_4_1,4
790_9_2,4
712_8_2,7
614_5_1,5
168_6_2,6
302_6_1,4
149_6_2,5
444_8_1,8
774_10_2,4
21_8_1,1
584_1_1,6
686_2_2,8
385_10_1,4
631_7_2,2
309_3_1,2
391_3_1,4
289_1_1,1
286_9_2,3
811_1_2,6
182_7_1,5
196_7_1,5
578_1_1,6
96_6_2,4
238_2_2,4
478_6_1,5
472_10_1,7
47_6_1,3
592_10_1,5
540_3_2,3
39_5_3,3
489_7_1,7
375_7_2,3
827_10_2,8
330_8_1,2
797_6_1,5
437_1_1,4
770_7_2,2
359_6_1,4
267_8_1,5
443_5_1,9
547_1_1,6
275_7_1,2
189_8_2,4
106_3_1,5
802_1_2,4
291_5_4,5
301_5_1,4
233_4_1,5
41_4_1,4
32_2_1,5
255_4_1,4
266_7_1,6
669_3_1,4
251_4_1,2
360_7_2,4
636_1_2,6
485_7_1,3
521_10_1,5
750_7_1,6
12_4_3,3
382_1_3,10
40_7_1,4
135_5_2,6
208_4_1,2
436_1_1,4
708_11_1,5
454_8_1,3
180_10_2,6
777_8_1,3
533_2_1,3
120_8_1,3
715_7_1,5
325_7_1,1
188_4_1,3
522_8_1,5
148_6_1,5
405_8_1,6
496_2_1,7
206_4_1,8
254_8_1,5
420_6_1,4
693_6_1,3
34_2_2,5
547_3_1,4
453_6_1,3
624_1_1,5
535_5_1,5
306_3_1,2
783_1_1,8
406_2_1,6
2_8_1,7
337_7_1,3
476_4_1,2
102_4_1,3
2_2_1,2
688_12_1,5
171_1_4,7
42_5_1,3
273_9_1,4
384_1_1,3
412_3_1,7
430_10_1,4
310_4_1,5
317_12_1,4
285_1_1,7
168_5_2,5
513_7_1,8
559_5_1,6
279_4_1,9
643_6_5,7
580_4_1,1
170_1_2,7
78_7_1,3
518_11_1,3
506_5_1,7
826_4_1,8
498_5_1,3
172_8_2,7
704_5_4,6
212_8_3,7
790_8_2,6
275_1_1,4
822_10_1,6
805_5_2,6
105_2_1,3
498_3_1,6
397_1_1,6
25_5_1,1
624_7_1,5
179_6_1,4
374_3_2,4
451_9_1,4
55_1_1,6
377_5_4,2
237_4_1,4
578_5_1,6
415_3_1,3
385_8_1,3
139_6_1,6
396_8_1,4
11_5_1,5
831_1_2,4
153_4_1,2
776_8_1,5
54_3_1,5
590_9_1,6
178_1_1,6
323_4_1,5
757_2_1,5
523_2_1,4
76_5_1,4
489_8_2,2
642_7_1,4
538_1_1,6
104_5_1,4
531_5_1,5
621_2_1,6
697_7_1,6
24_2_2,4
256_11_1,6
824_7_1,6
285_6_1,7
614_9_1,5
478_2_1,4
639_1_1,5
654_5_1,3
61_7_2,6
447_5_2,8
611_9_1,2
426_6_1,7
780_4_1,4
472_2_1,5
501_8_1,5
694_4_3,7
808_6_1,5
177_11_2,6
132_3_2,6
29_5_1,3
433_5_1,9
480_12_1,3
345_1_1,4
532_2_1,3
419_9_1,8
169_4_2,7
493_7_1,7
515_8_2,5
527_1_1,5
182_5_1,3
353_7_1,4
676_6_2,5
607_7_1,1
461_8_1,4
246_8_1,4
388_1_1,4
647_7_1,4
492_7_1,7
32_8_1,5
660_3_1,2
507_5_1,4
226_2_1,1
28_6_1,3
675_10_2,6
530_10_1,6
9_2_2,5
604_6_1,4
792_8_1,4
314_7_1,5
785_7_1,6
803_5_1,5
356_4_1,4
805_6_2,2
150_11_1,6
607_6_1,4
604_3_1,3
311_12_1,5
207_5_1,5
685_3_1,5
643_7_2,7
610_8_1,3
503_5_1,4
324_3_1,5
301_9_1,4
377_6_1,2
207_3_1,7
413_5_1,6
48_1_1,3
68_12_1,4
150_4_1,8
270_9_2,6
37_4_1,3
600_3_1,7
483_9_2,8
443_1_1,5
345_11_1,3
23_3_1,3
786_6_3,7
757_4_3,3
629_6_1,3
404_5_1,5
832_8_1,5
63_6_2,7
643_4_2,7
595_8_1,6
355_3_1,4
200_9_1,2
94_4_1,4
772_3_1,3
189_6_1,6
109_2_2,3
521_6_1,6
392_3_1,5
771_8_1,5
649_9_1,5
316_1_1,5
231_5_1,6
653_3_1,4
22_1_1,2
763_5_1,2
550_5_1,2
714_6_1,4
136_6_1,3
100_8_1,5
349_5_2,4
40_8_1,2
667_1_1,2
565_4_1,6
552_5_1,3
31_6_1,4
414_3_1,5
820_10_2,7
819_4_2,5
64_3_1,5
171_5_2,6
385_12_1,3
28_1_1,4
399_3_1,3
536_6_1,6
528_7_1,5
351_4_1,2
209_6_1,3
387_3_1,3
765_3_2,5
237_1_2,5
195_11_2,1
687_1_4,7
163_2_1,6
387_8_1,3
42_6_1,3
581_9_1,1
477_2_1,4
833_8_2,7
362_1_2,3
485_5_1,4
781_1_1,4
411_7_1,5
369_4_1,4
94_3_1,2
415_5_1,8
519_6_1,5
269_7_1,4
696_6_1,6
423_1_1,5
55_6_1,5
44_8_1,1
446_2_1,7
280_3_1,7
738_5_2,6
416_8_1,6
669_6_2,1
574_5_1,4
653_6_1,3
33_4_1,3
241_3_1,4
587_3_2,7
480_6_1,4
456_4_1,8
700_10_3,7
756_6_1,5
508_6_1,7
148_1_1,3
75_8_1,3
734_8_1,8
6_8_1,3
358_8_1,4
337_3_1,5
425_2_1,2
530_9_1,6
754_4_1,4
41_5_1,4
287_3_1,7
690_8_1,5
400_5_1,4
798_5_2,5
440_5_1,6
408_3_1,3
464_4_1,5
786_7_3,5
29_8_1,2
73_1_1,6
649_4_1,5
319_8_1,5
250_4_1,3
56_11_1,6
660_1_1,1
54_4_1,5
125_7_1,1
101_6_1,5
816_7_2,7
52_3_1,7
6_3_2,5
686_1_1,5
763_2_1,6
465_9_1,3
697_5_2,6
349_7_2,3
489_5_2,7
460_1_1,7
737_5_1,6
769_9_2,3
130_4_2,7
3_5_1,4
551_8_1,6
443_7_1,4
515_3_1,4
486_1_1,5
79_3_1,4
236_8_2,5
488_8_1,3
175_7_4,5
25_9_1,6
253_5_1,3
635_10_1,2
778_2_1,5
218_2_1,3
452_7_2,4
7_5_1,3
816_6_1,5
676_2_1,6
140_4_1,5
652_3_1,3
504_8_1,2
799_4_2,2
153_7_1,6
13_7_1,6
457_6_1,7
708_2_1,3
723_1_1,4
791_9_1,7
696_12_1,6
209_7_1,8
78_5_1,6
346_1_1,3
662_6_1,3
233_6_1,4
520_2_1,6
550_8_3,3
782_6_1,6
217_4_5,4
647_2_1,3
85_1_1,4
563_6_1,5
620_5_1,5
598_1_1,4
662_7_1,2
832_9_2,6
234_10_2,5
89_2_1,5
158_8_1,5
138_11_1,5
176_1_1,5
382_4_2,4
474_9_2,7
321_1_1,1
246_9_1,4
126_6_1,5
366_12_1,6
202_5_1,4
66_11_3,7
439_4_2,5
152_6_2,6
691_4_1,5
623_9_1,7
71_6_1,5
789_7_1,4
74_3_1,3
717_7_1,5
392_6_1,3
811_9_1,5
122_4_1,5
722_10_2,7
213_7_1,5
361_1_1,5
409_7_1,4
92_3_1,5
257_10_1,3
511_8_1,6
645_11_2,5
769_7_2,6
470_8_2,2
52_1_1,6
783_7_1,7
41_7_1,3
342_2_1,4
813_10_2,4
718_6_2,5
37_3_1,5
464_8_1,5
421_2_1,6
403_8_3,7
627_3_5,3
266_2_1,4
766_4_2,3
253_7_1,4
589_11_1,1
478_7_1,5
399_6_1,1
739_8_1,3
318_7_1,4
363_1_2,3
793_1_2,7
109_1_1,5
296_12_1,6
705_12_1,6
360_6_1,2
497_5_1,6
543_1_1,3
246_7_1,6
726_1_2,6
47_4_1,4
434_3_1,6
675_9_1,5
725_7_1,5
442_1_1,6
126_3_1,4
577_8_2,5
609_3_1,5
539_3_1,7
650_5_1,4
684_5_1,5
615_5_1,6
167_3_1,4
729_9_2,5
299_8_1,1
605_10_1,4
437_9_1,4
506_3_1,7
572_5_1,8
578_3_1,7
566_8_1,4
755_3_2,2
170_6_1,5
295_1_1,6
447_4_2,8
93_8_1,4
754_5_2,4
599_4_1,8
196_3_1,5
181_9_1,2
310_2_1,6
144_8_2,4
235_1_2,5
16_3_1,6
60_8_1,8
236_3_1,5
305_8_1,5
184_5_1,1
332_7_1,5
540_8_1,2
118_7_2,4
609_12_1,5
55_8_1,7
478_5_1,4
769_2_2,2
805_9_2,5
522_3_1,6
426_8_1,5
485_8_1,4
176_9_2,3
547_4_2,4
284_1_1,8
576_2_1,4
35_8_1,5
241_7_1,5
156_3_4,5
476_1_1,3
719_12_1,8
444_1_1,7
361_9_1,6
649_2_1,5
758_6_1,6
73_2_1,4
8_5_2,6
99_4_1,5
273_8_1,5
697_4_1,6
498_4_1,6
808_1_1,4
148_8_1,7
186_8_1,3
765_4_1,7
477_3_2,4
345_4_1,4
479_2_4,7
294_3_2,2
53_5_1,5
581_3_1,1
70_2_1,2
773_5_3,1
792_4_1,5
222_1_1,3
194_7_2,4
535_4_2,3
376_5_4,6
402_5_2,5
813_3_2,4
247_11_1,4
187_1_2,3
23_7_1,3
527_7_1,5
100_3_1,4
596_6_1,4
736_3_2,9
430_6_1,3
517_2_1,6
376_8_1,2
603_1_1,7
67_4_1,4
89_7_1,6
758_7_2,5
727_3_2,5
701_11_2,6
389_1_1,4
495_5_1,4
114_6_1,6
325_2_1,3
706_12_3,9
405_5_2,7
490_3_1,7
432_5_1,7
567_5_1,6
116_10_1,6
276_10_1,4
659_8_1,1
2_9_1,2
754_1_1,3
40_4_1,4
271_9_2,5
592_4_2,6
646_1_1,4
562_5_1,5
172_4_1,6
549_4_1,7
747_3_3,4
276_1_1,3
693_3_1,4
603_3_1,5
516_1_1,4
288_8_1,2
510_4_1,6
674_3_1,3
666_7_1,2
617_1_2,6
406_8_2,7
609_9_1,4
789_6_1,5
791_2_1,5
779_4_1,5
130_1_2,6
534_8_1,4
641_7_1,7
346_5_2,4
319_1_1,4
127_4_1,6
545_1_2,1
306_1_1,6
87_4_1,7
67_9_1,4
589_9_1,1
765_2_1,5
82_6_1,4
5_3_1,3
538_2_1,6
6_7_1,4
660_5_1,1
737_6_2,6
121_9_3,4
216_2_1,4
218_5_1,1
247_9_1,3
781_6_1,1
611_2_1,4
489_3_1,7
621_3_1,6
658_6_1,1
4_4_1,8
402_1_4,9
8_9_1,3
131_6_1,4
737_2_1,4
516_8_1,5
29_4_1,3
532_6_1,7
521_2_1,7
355_6_1,5
505_10_1,3
122_2_1,5
544_7_1,6
202_10_1,7
150_9_1,6
339_4_2,5
192_7_1,3
412_4_1,4
741_6_1,6
720_6_1,7
813_1_2,3
221_1_3,2
176_8_3,7
623_1_1,7
32_6_1,5
414_4_1,6
538_7_1,4
720_7_1,8
573_7_2,5
368_8_1,2
350_5_1,4
200_5_1,5
670_2_2,3
172_7_1,7
614_2_1,5
439_2_1,4
625_4_1,3
81_2_1,5
401_8_1,3
658_1_1,2
38_2_1,3
38_9_1,2
359_3_1,5
371_6_1,3
396_3_1,3
201_1_1,7
318_10_1,3
82_9_1,3
166_2_1,3
473_11_1,4
621_6_1,6
31_1_1,5
98_9_1,3
128_3_1,3
265_7_1,5
123_3_2,4
234_4_1,1
287_6_4,5
766_1_2,4
33_2_1,5
112_10_1,4
180_7_2,4
672_1_1,4
630_5_2,3
721_4_1,6
794_1_1,5
219_4_1,5
336_6_1,4
175_2_1,1
280_2_1,6
631_4_2,3
177_5_2,4
571_2_1,5
273_3_1,6
452_6_1,3
282_3_1,8
357_1_2,4
659_5_1,1
469_8_1,3
178_4_1,7
184_6_1,5
540_4_1,7
137_6_1,5
767_7_1,1
16_5_1,2
374_2_2,7
724_8_1,9
501_3_1,4
762_1_1,4
417_2_1,2
537_2_1,3
75_7_1,3
10_4_1,4
726_11_1,5
775_3_2,5
242_9_1,6
447_8_2,8
315_6_1,4
19_6_1,4
398_3_1,3
57_7_1,5
708_5_1,2
633_10_1,2
512_9_1,7
102_1_1,4
725_10_2,5
426_4_1,5
140_8_1,6
102_3_1,5
142_2_1,6
105_3_1,4
421_3_1,5
641_4_1,4
798_2_2,6
195_9_1,5
155_4_1,5
154_2_2,4
177_4_1,7
510_1_1,6
602_9_1,5
354_8_1,4
225_5_1,5
583_9_1,6
230_5_2,3
129_6_1,5
695_8_1,4
234_1_2,5
44_10_1,2
226_8_2,3
83_7_1,4
22_5_1,2
282_5_1,8
824_3_3,8
53_7_1,6
322_4_1,5
281_8_1,5
111_3_1,6
484_11_1,8
157_8_1,2
735_4_1,4
239_2_2,4
693_4_1,5
340_8_1,4
13_8_2,5
685_7_1,6
311_8_1,4
626_6_2,5
809_3_2,7
220_5_1,4
351_3_1,8
361_10_1,5
615_3_1,6
17_8_2,5
535_2_1,4
424_7_1,3
824_5_1,5
749_10_1,5
642_2_1,4
401_6_1,3
264_7_1,3
830_8_2,5
307_11_1,6
177_9_1,4
303_1_1,4
101_8_1,6
58_8_1,7
110_9_3,6
820_11_1,5
759_1_2,4
627_5_1,1
506_8_1,7
737_1_2,4
100_9_1,4
45_4_1,4
786_8_1,7
135_2_2,6
290_4_1,2
19_1_1,4
48_5_1,5
386_2_1,3
515_2_1,4
16_2_2,5
306_9_1,5
53_3_1,6
579_6_1,2
657_1_1,3
474_3_1,6
820_8_1,8
642_4_2,6
70_4_1,4
203_1_1,6
394_11_1,4
655_4_1,1
594_3_1,7
160_1_1,4
781_7_1,3
565_7_1,7
761_11_1,5
809_1_1,5
651_7_1,2
472_4_1,8
703_8_2,3
208_1_1,5
553_2_1,2
367_6_1,6
353_1_1,4
233_5_1,2
468_6_2,7
213_4_1,8
230_1_4,4
362_7_1,5
734_12_1,7
159_5_1,5
52_7_1,7
494_4_1,6
82_8_1,4
737_8_1,1
238_7_2,5
673_8_2,4
394_7_1,2
483_1_3,9
272_8_1,5
74_7_1,3
324_4_1,6
424_2_2,3
323_6_1,4
729_2_2,7
435_5_1,5
578_6_1,6
88_6_2,5
484_12_1,8
332_4_1,2
534_7_1,3
85_6_1,3
486_8_1,4
646_11_1,3
289_2_1,2
623_3_1,6
771_1_1,4
626_7_4,4
246_3_1,4
732_7_1,7
14_8_1,5
332_1_1,6
357_4_1,2
360_3_1,3
710_8_1,8
547_5_1,6
662_3_1,2
279_7_1,4
571_4_1,8
683_12_1,4
691_1_2,4
766_2_2,2
271_7_2,5
490_7_2,7
487_6_1,3
424_5_2,4
615_7_1,6
325_9_1,4
14_5_2,4
4_8_1,3
374_4_2,4
230_9_1,3
94_8_1,3
74_1_1,3
153_5_1,6
292_2_2,2
421_4_1,5
323_3_1,3
231_1_1,6
69_5_1,4
645_9_1,8
333_11_1,5
776_2_1,2
813_6_2,2
775_2_2,4
804_1_2,6
816_3_1,6
810_5_1,4
702_4_1,5
218_6_1,4
255_8_1,6
793_4_1,6
197_8_3,7
526_7_1,5
600_1_1,8
202_1_1,5
217_1_2,3
519_7_1,6
12_3_1,2
203_2_1,6
513_8_1,8
203_5_1,6
596_4_1,5
500_5_1,3
79_1_1,3
9_6_2,3
112_2_1,10
465_10_1,3
632_7_1,4
537_4_1,5
679_5_2,4
234_9_2,4
263_1_1,6
119_4_1,1
110_7_1,5
583_4_3,7
778_8_1,4
37_6_1,2
828_5_2,6
56_8_1,6
701_5_2,5
564_5_1,7
815_4_1,4
700_7_1,5
700_2_3,6
637_4_2,6
473_9_1,4
679_2_2,5
582_6_2,7
46_10_1,3
540_6_1,5
788_6_1,4
216_7_1,5
711_3_1,5
764_8_1,6
579_11_1,1
702_5_1,5
366_3_1,4
267_7_1,5
358_1_1,4
791_6_1,6
149_4_1,4
579_5_1,1
732_3_1,9
312_3_1,6
303_5_1,5
633_8_2,2
816_4_1,6
19_9_1,3
555_7_1,5
130_2_1,5
173_11_1,7
115_8_2,8
164_2_1,1
237_6_3,4
695_5_1,4
590_3_1,8
64_6_1,5
348_1_1,4
597_2_1,6
294_5_1,8
479_7_1,4
94_5_1,7
670_4_1,4
415_10_1,6
370_2_1,2
164_7_1,7
713_2_1,5
544_12_1,4
372_10_4,2
444_3_2,8
717_5_2,6
441_2_3,4
603_6_1,5
764_11_2,7
59_8_1,4
462_5_1,3
580_1_1,1
220_4_1,5
544_6_1,2
796_1_1,5
425_3_1,2
113_1_1,8
631_3_1,2
568_1_1,5
32_5_1,3
152_3_1,5
801_8_1,5
774_8_2,2
363_6_1,3
335_8_1,4
397_4_1,5
142_1_1,6
322_7_1,5
529_11_1,4
545_3_1,1
733_10_1,1
8_2_2,5
166_3_1,4
492_1_2,6
696_3_1,3
829_6_2,5
720_8_1,6
37_5_1,5
143_9_1,4
365_6_3,3
402_4_1,6
147_3_1,5
377_2_1,6
684_11_1,6
375_8_2,8
699_1_1,6
661_6_1,1
136_9_1,2
309_2_1,4
600_4_1,9
147_6_1,5
703_7_2,4
467_9_1,3
265_2_1,5
334_1_1,6
219_5_2,8
527_3_1,6
719_1_1,8
258_5_1,7
799_5_1,4
347_4_1,4
77_7_1,4
278_1_1,2
479_4_1,5
402_8_2,7
179_10_1,6
651_5_1,3
751_7_2,8
64_2_1,6
52_8_1,6
700_8_2,5
35_1_1,6
328_3_1,2
768_6_2,3
512_5_1,6
704_2_2,3
697_2_1,2
272_2_1,4
14_4_1,7
169_2_4,8
234_12_2,2
830_3_2,5
369_1_1,2
733_4_2,1
120_1_1,2
478_3_1,5
632_4_1,3
706_5_1,7
189_1_1,5
821_1_1,5
724_10_1,8
233_11_1,6
645_6_1,7
363_5_1,4
129_1_1,3
329_8_1,3
290_8_1,2
279_1_1,7
53_1_1,5
240_6_1,5
264_2_1,5
728_9_1,6
71_5_1,7
60_7_1,6
331_7_1,7
608_4_1,3
151_4_1,7
154_1_3,4
18_7_1,7
240_1_1,3
564_6_1,6
222_8_1,2
279_6_1,2
687_10_3,5
789_2_1,4
76_6_1,3
150_5_1,5
582_1_2,8
298_3_1,5
408_2_2,4
677_6_2,5
63_2_2,7
214_5_2,8
614_4_2,3
816_1_1,8
653_7_1,4
370_4_1,1
237_7_1,5
91_2_1,5
395_3_1,4
129_2_1,6
668_1_1,3
162_8_1,5
188_1_1,5
263_4_1,1
191_1_1,2
734_10_1,7
530_5_1,4
776_3_1,2
830_5_1,6
548_8_2,3
539_1_1,8
671_8_1,4
163_7_1,3
14_6_1,7
169_11_2,7
745_10_1,5
648_8_2,4
411_1_1,6
302_8_1,4
117_4_1,5
43_1_1,4
730_11_3,7
533_9_1,5
401_5_1,3
752_1_1,7
118_2_2,3
762_4_1,5
198_5_1,5
314_3_1,6
49_4_1,4
441_6_3,6
783_8_1,5
571_6_2,2
557_3_1,1
407_5_1,5
91_5_1,6
96_9_1,2
36_7_1,3
769_5_2,2
826_3_1,6
39_4_1,1
740_8_2,5
426_7_1,6
649_1_1,5
804_2_2,4
699_3_2,3
755_6_2,4
362_6_1,3
452_5_1,4
205_3_1,4
514_8_1,7
585_5_2,9
707_3_1,6
24_1_1,6
9_8_3,3
472_5_1,8
89_8_1,4
53_6_1,5
128_6_1,5
261_7_1,6
775_1_2,3
358_6_1,5
93_2_1,4
462_2_1,3
158_5_2,3
209_3_2,3
306_10_1,7
259_1_1,6
380_2_1,6
267_2_1,5
774_3_2,3
794_12_1,4
541_5_1,4
226_5_1,2
152_4_1,5
212_9_1,3
472_9_1,8
137_10_1,2
433_1_1,3
748_1_6,4
525_9_1,4
204_10_1,5
505_1_1,4
707_8_2,8
561_5_1,2
202_6_1,3
123_4_1,5
343_9_1,5
591_5_1,1
818_8_1,5
710_6_2,7
61_8_1,6
699_12_1,5
734_7_1,9
44_1_1,5
473_10_1,4
689_1_2,5
709_9_1,5
114_11_1,10
131_3_2,4
6_10_2,6
368_12_1,5
750_6_1,7
169_10_1,6
56_6_1,3
267_6_1,4
133_6_2,2
182_4_1,1
574_4_1,4
388_2_1,2
218_8_1,4
539_9_1,7
336_2_1,4
467_3_3,4
220_3_1,3
402_2_1,7
241_2_1,3
589_7_1,1
573_2_1,7
132_9_2,2
107_1_2,5
364_3_1,4
626_4_2,3
600_6_1,8
514_6_1,6
162_7_1,5
224_3_1,4
331_4_1,7
427_3_1,6
779_3_1,6
680_4_2,2
799_2_1,3
476_3_1,2
140_1_1,5
681_2_1,5
98_2_1,2
788_7_1,6
23_9_1,4
328_1_1,2
570_2_1,4
819_7_2,6
236_4_1,6
190_2_1,4
512_7_1,6
92_7_1,3
754_2_1,3
301_7_1,4
147_1_4,6
720_5_1,7
565_6_1,5
677_8_2,4
494_6_1,8
549_3_1,5
392_2_1,2
828_3_1,5
335_4_1,6
61_6_4,6
261_2_1,7
57_6_1,3
436_5_1,3
12_8_2,4
436_7_1,4
638_10_1,6
453_11_1,3
4_9_1,4
209_2_2,8
99_6_1,5
379_2_1,3
807_10_1,6
719_11_1,6
243_9_1,3
292_7_2,5
510_5_1,8
193_6_2,6
139_7_1,5
228_2_1,3
13_6_1,4
568_5_1,7
368_3_2,2
792_1_1,5
181_5_1,2
352_1_1,4
604_5_1,4
625_1_1,1
400_9_1,3
136_5_2,7
727_9_1,7
108_8_1,2
626_11_2,2
113_12_1,6
317_5_1,4
14_7_1,6
575_3_1,7
716_10_1,7
700_6_2,6
244_2_1,7
431_5_1,3
229_8_1,4
319_10_1,7
400_6_1,3
566_5_1,5
714_8_2,4
98_8_1,2
815_1_1,7
116_11_1,6
599_5_1,7
445_5_1,7
823_10_2,6
310_8_1,7
744_2_2,5
319_7_1,3
229_2_1,3
783_6_1,4
834_2_1,5
137_9_1,6
141_2_2,5
346_7_1,3
654_1_1,2
287_1_2,3
172_6_2,6
102_2_1,5
306_2_1,8
508_1_1,3
581_2_1,1
807_8_1,5
207_7_1,3
682_12_1,6
554_6_2,6
821_9_1,6
585_1_1,7
260_9_1,7
657_4_1,3
638_7_1,7
785_6_2,5
262_12_1,6
161_11_1,1
720_11_1,7
354_10_1,3
532_12_1,7
427_5_1,4
540_7_1,3
279_5_1,6
518_6_1,6
481_4_2,8
686_8_4,6
745_12_1,3
274_1_1,5
713_7_1,5
268_12_1,4
11_8_2,3
679_3_2,4
151_5_1,6
782_4_1,5
294_7_2,2
414_6_1,6
642_8_2,7
484_3_1,9
558_4_1,5
830_4_2,3
65_8_1,6
222_3_1,1
104_6_1,3
387_4_1,3
274_3_1,4
55_7_1,4
79_4_1,3
43_4_1,6
462_3_1,3
219_1_1,4
116_9_1,6
467_12_1,4
37_9_1,2
132_6_3,3
445_2_1,8
547_2_2,7
147_7_2,7
588_9_1,1
503_8_1,6
483_5_1,8
196_2_1,5
338_5_1,3
780_2_1,4
634_6_4,5
596_7_1,6
119_1_4,6
663_1_2,1
720_1_1,9
554_7_1,3
2_6_1,4
140_6_1,3
607_1_1,4
399_4_1,2
724_7_1,6
81_3_1,4
747_5_2,4
715_5_3,7
528_1_1,3
617_2_1,4
165_8_2,4
251_6_1,4
446_6_1,4
762_9_2,6
265_5_1,4
345_5_1,4
324_11_1,3
354_6_1,7
689_9_1,4
413_2_1,5
82_7_1,5
54_8_1,5
277_6_1,5
749_7_2,5
392_7_1,2
633_11_1,5
391_8_1,7
525_7_1,5
689_5_1,6
486_3_1,6
705_5_1,4
343_8_1,5
105_7_1,3
136_10_1,3
413_7_1,4
270_6_2,5
607_5_1,4
58_2_1,6
430_11_2,4
732_5_1,1
108_1_1,5
458_3_1,4
613_4_1,3
182_1_1,1
492_8_1,6
535_1_1,4
595_1_2,6
285_3_1,7
378_3_2,2
373_3_2,5
419_11_1,7
219_2_1,6
87_6_1,4
834_8_1,6
412_2_1,6
415_7_1,3
24_5_1,4
474_8_1,6
36_8_1,5
218_3_1,4
559_2_1,4
461_7_1,3
423_9_1,5
698_12_1,4
22_2_1,1
427_1_1,4
475_4_2,6
315_5_1,3
679_7_2,5
649_8_1,4
211_5_1,4
199_5_1,3
541_7_1,2
168_3_1,6
461_10_1,4
217_6_2,3
416_1_1,7
402_7_1,5
596_8_1,6
684_4_1,6
740_3_1,2
740_4_2,5
593_7_1,7
27_3_1,3
268_5_1,3
610_5_1,2
364_4_2,3
639_5_1,5
493_1_1,7
10_2_1,3
561_1_1,4
391_7_1,4
743_5_2,5
590_5_1,8
196_5_3,3
525_2_1,5
407_8_1,5
548_3_1,3
797_2_1,5
511_3_1,6
777_5_3,2
235_5_1,5
362_4_1,5
154_9_1,6
522_7_1,5
645_5_3,7
184_3_1,2
158_3_1,2
224_8_1,5
815_8_2,7
215_9_1,3
245_1_1,4
173_4_1,7
775_4_2,3
15_3_1,3
741_5_7,3
610_2_1,2
492_3_1,6
64_4_1,6
671_1_1,3
402_3_4,6
825_6_1,4
640_5_1,9
573_3_3,6
493_2_1,7
44_11_1,2
522_9_1,5
394_10_1,5
419_7_1,5
140_3_2,5
630_12_1,4
38_4_1,4
370_8_1,2
675_12_2,6
635_2_1,4
631_1_1,3
316_11_1,7
29_6_1,2
777_6_1,2
616_4_1,5
577_1_2,3
360_4_2,5
534_5_1,6
691_2_1,3
298_1_1,3
458_9_1,6
555_4_2,2
202_8_1,1
76_8_1,4
331_9_1,7
137_8_1,4
675_1_2,4
820_1_2,4
792_3_1,6
26_4_1,4
727_11_1,5
440_9_1,4
105_6_1,4
482_7_2,6
154_8_2,5
632_6_2,2
202_2_1,4
723_11_2,5
463_5_2,5
520_6_1,6
595_6_1,4
356_5_1,1
323_2_1,2
272_1_1,4
290_11_1,1
83_2_1,5
99_7_1,6
282_6_1,7
495_6_1,4
170_9_3,5
611_6_1,3
563_8_1,5
314_8_1,5
832_1_1,4
728_1_1,6
302_2_1,3
586_5_1,7
637_1_2,6
479_3_1,6
711_8_1,6
223_5_1,3
457_8_1,5
101_4_1,5
108_2_3,7
433_6_1,7
475_6_1,5
587_7_2,9
28_4_1,2
162_1_1,5
73_7_1,4
6_5_1,4
155_3_1,1
295_7_1,3
807_11_3,5
237_5_2,3
729_7_1,5
436_2_1,3
689_8_1,5
134_8_2,4
90_8_1,6
189_2_1,6
84_7_1,4
666_8_1,3
448_6_1,8
113_2_2,5
671_2_1,4
316_5_1,4
456_10_1,6
297_5_2,5
665_7_1,3
329_7_1,3
468_12_1,6
701_4_2,5
290_10_1,1
635_9_1,5
235_3_2,4
222_2_1,3
605_9_1,3
542_2_1,1
249_1_1,5
655_3_1,2
669_4_1,4
408_5_1,8
271_5_2,6
92_4_1,5
606_1_1,3
441_1_1,3
326_6_1,3
157_10_2,3
264_3_1,5
389_7_1,4
714_3_2,4
113_4_1,7
54_7_1,4
574_10_1,5
754_11_2,5
652_4_1,3
754_6_2,6
153_8_1,6
820_3_1,5
646_4_2,6
442_6_1,4
382_3_1,1
138_1_2,5
260_4_1,6
791_5_1,6
507_2_1,5
703_6_2,4
224_5_1,3
604_2_1,4
536_5_1,3
350_9_1,4
25_1_2,5
472_1_1,6
141_9_1,6
299_6_1,1
493_6_1,6
299_7_1,5
39_1_1,4
307_1_1,8
162_5_1,4
9_7_1,4
332_8_1,3
433_7_1,4
597_8_1,4
104_8_1,5
783_2_1,4
183_1_1,7
501_6_1,3
30_7_1,4
12_5_2,3
308_4_1,4
388_6_1,3
820_7_1,7
790_1_1,5
348_4_2,3
476_5_1,3
755_2_1,4
126_2_1,6
800_1_1,3
313_4_1,5
407_12_2,8
192_6_1,4
493_3_1,5
52_4_1,5
448_4_1,8
800_8_1,3
742_5_1,4
429_2_1,6
627_1_1,1
760_9_1,1
635_1_2,3
392_5_1,3
80_2_1,3
63_3_1,7
507_1_1,2
91_1_1,2
464_9_1,6
95_6_1,4
282_8_1,7
293_3_1,2
459_2_1,6
480_10_1,4
833_2_2,5
75_5_1,3
592_2_1,3
134_5_2,3
243_11_1,5
206_9_1,6
731_10_1,8
213_5_1,5
668_6_3,5
441_5_1,4
11_7_1,4
301_1_1,4
597_1_1,6
129_8_1,3
340_6_1,3
594_5_2,4
269_2_1,4
520_9_1,8
151_1_2,5
254_3_1,5
78_6_1,3
758_5_2,4
71_7_1,5
230_7_1,4
167_7_3,6
334_2_1,6
793_8_1,6
263_5_1,6
330_3_1,2
294_2_1,6
678_7_3,4
212_1_1,4
94_2_1,4
274_5_1,5
25_4_3,4
474_4_1,5
294_9_1,5
548_5_2,8
101_3_1,5
810_7_1,6
537_8_1,8
812_7_2,4
696_1_1,5
81_5_1,4
736_11_1,5
624_5_2,4
365_5_1,3
633_2_2,2
16_1_1,4
223_2_1,7
453_2_1,4
713_5_1,6
268_1_1,3
831_3_2,3
651_4_1,1
17_7_1,6
736_2_1,5
379_3_1,8
756_10_2,5
8_8_1,4
542_7_1,6
741_8_4,5
388_7_1,3
613_8_1,2
85_8_1,6
417_8_1,2
93_7_1,6
152_5_2,6
272_4_1,6
411_8_1,4
568_6_1,7
71_8_1,2
235_2_2,4
803_2_1,4
215_7_1,3
175_1_2,4
625_8_1,1
554_3_3,4
62_2_2,5
447_7_1,6
87_3_1,4
687_7_1,6
76_3_1,3
239_9_2,5
477_1_1,4
344_6_1,3
589_10_1,1
149_5_3,5
35_3_1,6
442_8_1,3
171_3_1,7
327_5_1,4
191_9_2,3
559_4_1,4
337_2_2,5
488_5_1,7
611_5_1,2
357_5_1,4
784_5_1,7
466_2_1,2
119_2_1,7
743_10_2,1
282_4_1,8
423_5_2,3
387_5_1,2
339_3_2,5
294_4_2,4
9_5_1,4
818_4_1,4
591_9_1,1
200_8_2,6
369_9_3,4
463_4_1,4
539_6_1,7
188_11_1,6
347_5_1,3
19_7_2,3
571_3_1,6
261_10_1,5
773_6_1,4
283_5_1,8
596_3_1,6
373_8_1,5
316_6_1,4
108_6_2,6
708_10_1,5
475_5_1,3
356_7_1,5
46_9_1,1
180_1_2,3
582_7_2,4
223_4_1,3
499_8_1,8
363_8_1,4
228_3_1,5
531_2_1,6
106_2_1,5
149_7_1,7
22_8_1,1
411_4_1,7
683_6_1,5
262_8_1,4
801_4_1,5
455_5_1,2
414_7_1,6
129_9_1,4
742_3_1,4
38_6_1,3
185_1_1,5
36_4_1,4
510_2_1,5
389_3_1,2
679_6_2,4
227_7_1,2
159_8_1,6
732_4_1,9
731_11_1,7
406_9_2,6
290_5_1,2
252_2_1,4
487_1_1,3
464_11_1,5
759_9_1,6
423_4_1,6
356_8_1,5
13_4_1,2
458_7_1,6
94_1_1,3
828_7_2,4
61_1_2,4
550_3_2,4
810_9_1,9
587_9_2,6
145_7_1,7
180_8_1,1
302_11_1,4
817_9_1,6
51_3_1,5
275_5_1,6
119_8_2,4
259_6_1,4
361_6_1,4
593_5_1,8
84_5_1,6
28_3_1,6
246_4_1,3
335_7_1,3
392_1_2,4
277_11_1,4
453_12_1,3
342_8_1,4
556_8_1,3
575_6_1,5
269_3_1,5
98_3_1,4
723_3_1,5
437_2_1,4
771_5_1,3
494_8_1,8
187_7_1,3
707_7_1,2
521_4_1,7
310_9_1,2
623_8_1,6
575_4_1,5
65_7_4,7
339_5_1,6
604_8_1,3
426_2_1,4
570_4_1,2
812_11_2,4
644_4_1,5
414_1_1,5
72_1_1,7
46_1_1,2
638_1_2,6
617_4_1,5
337_5_1,6
95_8_1,6
760_2_4,3
784_1_1,6
676_10_3,6
542_5_1,3
27_7_1,2
487_7_1,2
427_2_1,8
527_4_1,5
493_5_1,7
313_5_1,4
764_3_2,5
281_6_1,8
91_6_1,4
390_3_1,3
7_3_1,6
652_7_1,1
111_12_1,8
729_4_2,6
730_3_2,5
65_6_1,6
334_4_1,6
18_4_1,8
334_7_1,5
611_3_1,1
489_2_1,7
694_3_4,5
58_9_1,6
528_6_1,4
479_5_1,2
75_3_1,3
57_3_1,5
420_4_1,6
393_7_1,2
40_1_1,2
711_2_1,5
490_8_2,7
613_3_1,5
57_5_1,5
673_4_1,5
112_3_1,8
443_8_1,6
189_3_1,2
345_7_1,4
780_6_1,3
125_11_1,6
49_6_1,3
292_4_2,3
185_5_1,4
281_2_1,7
780_12_1,3
750_5_1,4
695_6_1,4
703_4_2,2
241_4_1,4
95_7_1,5
756_8_1,5
729_6_1,6
162_6_1,3
768_9_1,2
697_6_1,5
239_5_2,5
573_1_2,6
582_3_5,5
47_1_1,5
243_4_1,5
144_12_1,2
682_8_1,5
471_3_2,7
821_3_1,7
24_8_1,3
529_2_1,5
803_8_1,6
22_7_1,4
489_6_2,4
138_6_1,6
551_7_2,3
628_6_1,1
287_7_1,3
725_12_1,1
812_1_2,3
535_7_1,5
397_8_1,5
146_6_1,7
420_2_1,6
807_7_1,2
480_5_1,4
620_8_1,6
589_4_1,3
208_10_1,4
64_5_1,5
21_7_1,3
361_7_1,6
572_2_1,6
595_3_2,6
561_3_1,3
13_9_1,3
377_1_1,7
494_3_1,3
438_7_1,4
423_3_1,5
220_1_2,3
744_7_2,5
671_4_1,5
208_7_1,4
20_1_1,3
403_7_3,8
311_7_1,4
198_9_3,5
320_4_1,5
338_6_2,4
665_2_1,3
612_2_1,1
752_11_2,4
277_3_1,1
782_8_1,4
487_5_1,3
228_7_1,5
653_4_1,2
483_7_1,7
39_6_1,3
27_5_1,5
542_6_2,7
481_6_1,8
401_1_1,3
62_9_2,3
26_6_1,6
180_5_1,5
142_12_1,6
324_2_1,3
109_6_1,8
39_2_1,2
232_2_1,4
804_8_2,6
249_9_1,2
427_8_1,3
192_8_1,1
106_5_1,3
249_8_1,5
565_9_1,6
559_1_1,4
396_1_1,2
586_12_1,6
193_5_2,8
27_4_1,6
245_11_1,4
644_9_2,6
828_10_2,4
645_10_2,7
422_4_1,6
169_9_2,7
641_9_1,10
637_9_2,6
86_1_1,4
23_6_1,2
794_7_1,5
346_6_1,3
798_8_1,4
35_7_1,5
355_5_1,5
311_4_1,5
37_2_1,2
516_7_1,5
626_1_2,5
125_2_1,5
280_6_1,7
429_6_1,5
710_4_1,8
587_11_2,7
668_3_1,1
340_5_1,3
34_7_1,4
366_11_1,5
686_6_1,7
766_5_2,2
666_6_1,2
14_9_1,5
174_8_2,5
326_2_1,2
28_5_1,4
499_2_1,5
11_4_1,4
110_2_1,3
566_1_1,5
58_7_1,3
732_6_1,8
69_9_1,4
779_7_1,6
576_4_2,5
701_1_2,6
498_1_1,5
785_4_2,5
431_1_2,3
307_8_1,4
292_3_2,3
699_6_1,5
269_4_1,6
654_9_1,3
814_2_1,6
82_4_1,5
89_5_1,3
712_7_1,7
431_3_1,5
366_4_1,5
558_3_1,3
179_1_1,4
153_1_2,5
674_7_6,3
241_5_1,3
638_2_2,9
418_9_1,2
40_3_1,3
425_6_1,4
179_7_2,7
413_3_1,5
456_1_1,6
440_3_1,6
674_5_2,4
690_7_1,5
496_6_1,7
613_5_1,4
781_8_1,3
834_9_1,5
454_2_1,3
86_5_1,4
610_9_2,2
560_2_1,4
548_1_1,5
307_9_1,6
485_2_1,2
41_8_1,5
443_4_1,6
745_8_1,3
273_2_1,4
404_4_2,7
553_7_1,4
721_5_2,8
364_8_1,3
566_9_1,3
747_6_3,5
210_5_3,8
44_9_1,4
546_5_1,3
204_4_1,4
545_4_1,1
352_6_1,8
476_8_2,5
109_10_1,7
591_11_1,1
522_4_1,5
378_2_2,5
278_5_1,6
775_9_2,5
266_4_1,3
736_7_1,8
532_3_1,5
11_6_1,4
438_9_4,6
235_6_1,4
658_4_1,1
331_3_1,5
713_10_1,6
793_6_2,7
62_7_2,5
460_4_1,6
316_8_1,5
481_3_2,8
353_4_1,4
429_7_1,6
159_7_1,4
608_1_1,3
426_1_1,6
459_5_1,8
689_6_1,3
78_3_1,4
792_2_2,5
498_6_1,4
461_2_1,3
565_1_1,4
646_2_2,3
793_2_2,7
177_10_1,6
276_3_1,4
657_6_1,1
622_3_1,7
109_7_1,6
295_8_1,4
251_8_1,2
365_7_2,5
576_9_2,3
45_7_1,4
146_4_1,7
633_5_1,3
348_7_1,5
806_9_1,4
524_2_1,3
418_2_1,3
823_2_1,3
237_3_2,4
73_4_1,4
464_5_1,5
405_7_1,6
212_4_1,5
108_9_1,3
564_2_1,6
511_2_1,6
298_6_1,5
298_4_1,5
587_4_1,6
763_3_1,6
688_8_2,7
140_5_1,6
193_8_1,3
569_6_1,3
720_9_1,8
767_4_2,5
407_3_2,4
562_3_1,4
666_1_1,2
608_10_1,2
613_7_3,3
542_3_2,7
313_7_1,4
798_4_2,5
528_3_1,5
738_7_1,3
739_7_1,3
821_6_1,8
375_3_4,6
627_12_1,2
795_6_1,5
380_10_1,5
463_6_1,3
619_12_1,5
553_4_1,6
800_4_1,3
257_9_1,3
223_1_1,5
505_6_1,4
318_2_1,4
667_7_1,2
416_2_1,6
200_1_1,8
216_4_1,4
778_7_1,9
327_7_1,3
566_4_1,8
62_3_1,7
701_3_1,6
126_8_2,4
486_7_2,3
314_1_1,5
524_8_1,5
290_6_1,1
320_6_1,7
178_2_2,7
4_2_1,4
302_4_1,4
140_2_2,5
834_5_1,5
195_1_2,3
776_4_4,6
730_4_2,8
369_10_1,2
55_2_1,7
454_6_1,5
333_1_1,3
520_3_1,5
564_8_1,7
496_3_1,6
579_3_1,1
787_7_1,6
619_2_1,6
467_8_4,5
315_8_1,5
802_4_2,6
138_9_1,5
380_6_1,6
468_7_1,2
500_6_1,5
618_6_1,3
578_8_1,6
25_3_1,4
77_9_1,4
81_4_1,4
659_3_1,2
381_1_1,2
348_2_1,4
801_1_1,5
379_1_1,2
42_3_1,3
277_1_1,4
782_10_1,4
481_8_1,9
334_8_1,7
510_8_1,4
61_4_1,5
303_7_1,3
326_5_1,2
90_9_1,4
385_11_1,3
258_8_1,2
351_5_1,3
321_8_1,4
556_4_1,6
5_1_1,5
84_1_1,5
656_3_1,3
718_4_1,2
181_6_2,3
375_1_2,3
350_2_1,3
372_7_1,3
813_7_2,3
214_3_1,5
834_1_1,6
811_7_1,3
812_5_2,2
452_2_2,3
742_1_1,4
15_10_4,3
285_8_1,7
176_2_2,1
93_5_1,8
308_2_1,1
22_3_1,1
68_6_1,4
557_7_1,5
771_3_2,6
639_4_2,5
384_7_2,3
423_7_1,4
85_3_1,5
453_1_1,4
367_1_1,2
227_9_1,2
398_9_1,5
263_7_1,6
611_1_1,4
827_4_1,4
702_10_2,7
263_8_1,7
757_1_1,8
436_8_1,3
194_5_1,1
525_4_1,6
622_9_1,6
45_5_1,2
409_10_1,2
420_12_1,4
577_2_1,4
318_1_1,4
789_3_1,3
594_4_3,8
297_8_2,5
132_5_2,4
291_3_1,5
531_10_1,6
537_1_1,6
219_8_1,5
580_5_1,1
222_5_1,7
150_8_1,6
235_7_1,3
334_6_1,6
253_3_1,4
251_7_1,2
676_7_2,7
186_3_2,2
42_1_1,3
82_1_1,6
381_7_1,4
141_5_1,4
432_9_1,5
349_6_1,4
459_4_1,7
809_8_1,4
442_2_1,5
435_8_1,4
698_3_2,5
158_4_1,4
471_1_1,6
694_9_1,5
678_5_1,4
190_9_1,4
173_3_2,6
609_1_1,5
128_9_2,5
624_3_1,6
365_8_2,4
447_1_2,9
806_3_1,2
758_9_2,6
115_1_1,5
358_3_1,5
566_2_1,5
210_4_1,6
219_3_1,3
547_9_2,3
218_1_1,3
204_9_1,7
640_11_2,8
54_9_1,3
227_1_1,3
529_9_1,6
779_9_1,7
519_5_1,6
30_3_1,8
745_5_1,2
278_9_1,6
502_6_2,5
665_8_1,2
531_3_1,3
743_12_3,2
244_5_1,7
637_8_2,7
740_2_4,3
513_5_1,7
763_6_2,7
250_7_1,5
335_1_1,5
491_4_1,7
279_2_1,4
139_3_1,5
687_8_2,6
103_3_1,4
388_8_1,3
568_8_1,5
568_3_1,6
606_2_1,3
213_2_1,2
396_6_1,3
18_1_1,2
500_8_1,4
715_4_2,6
453_10_1,3
739_1_1,4
148_5_1,4
707_1_2,3
112_1_1,10
374_5_1,4
808_2_1,7
305_10_1,4
490_5_2,7
449_9_2,8
103_2_1,3
139_9_1,6
520_5_1,6
293_8_1,2
615_2_1,5
546_9_1,3
159_1_1,6
124_8_1,5
500_3_1,3
218_4_1,3
599_7_1,7
714_5_3,5
45_2_1,4
635_12_1,3
384_4_1,2
727_2_1,3
187_2_1,3
583_1_3,6
558_2_1,5
154_5_1,4
663_3_1,1
834_3_1,6
731_6_1,9
828_4_2,6
618_10_1,3
827_2_1,3
7_6_1,4
483_3_1,8
427_4_1,4
20_9_1,3
569_10_1,8
199_6_1,6
199_8_1,5
185_8_1,1
184_7_1,3
475_2_1,3
807_3_1,3
393_11_1,1
260_12_1,4
817_2_2,5
668_5_1,3
822_9_1,6
405_1_1,8
354_9_1,4
55_5_1,4
768_5_1,1
371_2_1,6
667_6_1,2
199_7_1,2
348_6_1,4
614_1_2,2
199_9_1,4
502_7_1,3
122_13_2,2
155_7_2,4
370_1_1,6
293_12_1,2
386_4_1,3
816_5_1,7
541_2_1,5
712_2_3,5
280_1_1,8
418_8_1,2
188_2_1,4
57_2_1,5
297_3_1,7
644_2_1,6
303_9_1,5
748_5_2,5
734_4_1,8
464_2_1,5
194_8_3,2
739_3_1,3
144_5_2,7
545_5_1,5
262_7_1,1
165_2_1,1
253_1_1,3
505_3_1,3
784_3_1,5
532_9_1,5
173_6_2,7
711_6_1,5
52_6_1,6
118_8_2,3
101_2_1,7
344_10_1,5
608_9_1,2
673_1_2,4
33_1_1,5
818_6_2,6
280_5_1,8
81_8_1,4
221_8_2,1
571_1_1,5
620_3_1,6
774_5_2,7
462_6_1,2
415_8_1,5
4_1_1,5
137_2_1,6
746_5_1,4
337_12_2,6
410_11_1,4
15_2_1,3
356_3_1,3
290_1_1,3
722_6_2,6
8_1_2,4
164_6_1,2
87_8_1,4
607_2_1,3
154_4_2,3
251_1_2,3
35_5_1,4
671_7_1,4
451_8_1,3
230_3_1,5
660_9_1,1
86_3_1,6
686_3_1,7
603_2_1,3
445_4_1,6
143_2_1,4
347_1_1,4
557_4_1,4
747_1_1,4
466_4_1,4
130_7_2,7
648_10_2,8
671_9_1,3
169_6_1,6
588_10_1,1
616_3_1,7
349_2_1,4
436_6_1,4
299_2_1,7
374_6_2,4
15_7_4,4
725_3_1,5
830_9_1,5
391_1_1,2
631_8_1,3
406_11_4,7
503_3_1,4
353_5_1,2
449_4_2,8
709_1_2,6
694_2_1,7
685_11_2,6
11_2_2,4
378_9_2,8
247_10_1,7
215_4_1,4
816_8_2,6
627_4_2,3
596_2_1,8
674_8_1,4
244_3_1,4
537_6_1,8
458_8_2,5
584_7_1,9
202_4_1,4
620_2_1,5
449_1_1,7
384_12_1,3
501_5_1,5
815_3_2,6
815_9_2,4
815_7_2,6
577_4_2,4
84_2_1,6
275_4_1,4
728_10_1,5
709_6_1,5
128_2_1,7
70_6_1,3
548_11_1,5
718_2_2,5
151_9_1,8
470_3_1,3
777_10_2,3
189_7_1,6
414_8_1,7
542_1_1,8
567_7_1,7
567_9_1,10
34_3_1,2
467_11_1,3
143_7_1,5
396_4_1,2
265_1_1,6
457_1_1,7
239_7_1,4
480_11_1,4
711_4_2,6
83_1_1,4
819_5_2,4
597_3_1,4
533_4_2,5
125_9_1,6
521_9_1,6
355_4_1,5
352_3_1,8
224_1_1,5
155_6_2,4
694_5_1,5
636_6_1,5
595_5_2,5
553_11_1,2
676_8_2,5
823_12_2,7
274_4_1,6
365_3_2,4
142_10_2,6
114_7_1,6
548_12_1,4
163_8_1,4
778_3_1,6
204_6_1,9
191_4_1,2
105_4_1,2
45_9_1,2
18_3_2,6
38_5_1,3
195_6_2,2
126_4_1,6
48_7_1,3
578_4_1,6
435_3_1,6
96_2_1,4
474_2_1,6
605_4_1,4
458_6_1,4
483_4_2,6
531_11_1,6
674_2_1,4
746_3_1,5
176_3_2,1
616_1_2,6
715_12_1,6
341_3_1,4
242_7_2,5
495_8_1,4
758_12_2,8
753_9_2,7
476_7_1,5
664_1_1,1
383_1_2,3
712_4_2,6
439_8_2,6
554_1_1,5
336_7_1,4
549_6_2,6
8_3_1,4
10_5_1,4
100_5_1,5
303_2_1,4
669_1_1,3
775_6_1,3
99_2_1,6
450_2_1,6
812_8_2,3
395_8_1,3
389_4_1,4
462_7_1,3
278_4_1,5
434_1_1,5
714_4_2,4
650_6_1,4
427_6_1,5
674_1_2,4
643_5_3,7
114_9_1,10
272_6_1,4
232_3_1,4
289_9_1,2
780_11_1,3
158_2_1,3
313_1_1,4
628_8_1,6
533_6_1,5
148_3_2,3
627_8_2,3
681_10_1,5
56_3_1,5
175_9_2,3
504_2_1,3
560_5_1,4
470_2_1,5
635_6_2,5
795_2_1,5
132_8_2,6
652_6_1,1
410_8_1,6
757_9_1,3
471_6_4,7
177_12_4,5
297_7_2,5
589_3_1,1
461_5_1,4
724_2_1,7
672_5_1,3
540_5_1,3
584_6_1,6
188_10_1,6
671_3_3,1
574_6_2,3
552_3_1,2
252_5_1,5
631_10_2,3
565_8_1,4
475_3_1,3
800_7_1,3
444_2_2,6
409_3_1,3
672_3_1,6
683_3_1,5
547_8_1,3
552_6_2,4
1_11_1,6
373_7_1,6
312_1_1,6
85_7_1,4
243_12_1,4
544_1_1,2
767_6_7,4
705_3_2,6
640_1_2,8
546_10_2,4
327_1_1,3
759_10_1,2
532_7_1,4
767_1_3,5
454_3_2,6
134_1_2,3
362_8_2,3
803_7_1,6
545_2_2,2
281_4_1,7
185_3_1,4
618_3_1,4
237_2_1,5
516_4_1,5
132_7_2,4
253_9_1,5
718_11_1,3
594_1_1,8
333_5_1,5
309_8_1,6
428_5_1,7
142_3_1,4
183_6_2,3
487_3_1,3
754_7_1,6
511_7_1,6
805_12_2,7
419_12_1,4
372_3_1,6
28_7_1,4
772_10_1,5
7_2_1,4
72_6_1,3
155_5_1,7
634_5_2,3
380_4_1,5
808_9_1,6
748_9_1,5
286_7_2,2
564_4_1,6
34_4_1,3
139_1_1,5
289_3_2,4
656_1_1,1
242_11_1,6
49_3_1,3
213_6_1,5
204_7_1,6
494_5_1,7
340_4_1,3
510_6_1,8
592_6_1,5
729_3_2,5
196_4_1,5
346_2_1,3
399_8_1,3
534_2_1,4
27_2_1,3
114_8_1,9
162_2_2,5
629_7_1,3
234_3_1,6
231_3_1,5
313_3_1,3
682_11_1,5
14_1_1,8
120_9_1,5
225_2_1,7
262_2_1,6
338_9_1,8
42_4_1,2
810_11_1,4
735_2_2,6
550_7_1,4
308_7_1,5
222_7_1,4
585_9_2,6
716_3_1,5
543_5_1,3
499_3_1,5
676_12_2,7
446_1_2,8
823_5_2,4
363_3_1,5
700_12_1,5
214_10_1,6
636_8_3,8
310_10_1,5
593_6_1,7
171_9_2,6
22_6_1,4
108_5_2,3
612_8_1,3
614_3_2,3
416_3_1,8
791_7_1,5
726_10_1,8
679_4_1,4
445_1_2,5
245_5_1,3
415_1_1,4
495_1_1,5
478_8_1,5
831_4_1,6
255_10_1,3
653_5_1,2
745_6_1,2
611_7_1,4
426_5_1,4
3_4_1,6
629_2_2,1
1_2_1,2
272_9_1,4
170_5_1,6
620_4_1,6
583_8_1,6
354_7_1,3
488_3_1,4
50_6_1,8
670_1_1,5
390_2_1,3
23_8_1,2
659_4_3,1
227_6_2,3
802_3_2,5
795_8_1,5
103_1_1,2
197_5_1,4
577_3_1,4
226_1_1,2
286_2_1,2
304_8_1,2
742_11_1,4
569_5_1,7
630_8_1,2
507_7_1,5
719_5_1,8
553_3_2,3
229_7_1,4
512_1_1,6
691_3_2,6
583_2_1,1
598_2_1,5
70_3_1,6
145_10_1,4
152_8_1,4
484_5_3,7
166_6_1,2
508_2_1,6
125_8_1,8
88_5_1,6
338_7_1,7
624_6_1,5
231_8_1,8
612_4_1,2
350_7_1,3
182_8_1,2
809_10_1,4
458_1_1,4
750_4_1,3
109_3_1,4
637_5_2,7
206_5_1,3
268_8_1,4
563_4_1,4
742_10_1,3
763_4_1,4
187_6_3,6
478_1_1,5
92_2_1,4
552_4_2,4
98_5_1,2
328_6_1,2
243_3_1,4
486_4_1,3
417_7_1,3
139_8_1,5
677_4_2,6
745_3_1,2
375_9_1,3
300_5_1,3
149_3_1,3
252_1_1,4
25_2_1,4
190_5_1,4
666_4_1,1
73_3_1,4
266_6_1,7
179_9_2,7
97_4_1,2
324_7_1,6
300_6_1,4
826_8_1,5
231_7_1,6
17_4_1,6
23_4_1,1
744_8_1,5
227_4_1,4
533_3_1,5
323_8_1,5
537_5_1,2
672_2_1,5
332_6_1,3
543_6_1,3
260_5_1,3
83_3_1,5
238_1_2,4
673_6_2,3
326_10_1,2
278_8_1,2
789_4_1,5
298_5_1,4
181_11_2,2
683_1_1,5
43_9_1,4
422_6_1,5
536_2_1,4
734_9_1,7
317_1_1,2
91_8_1,2
656_5_1,3
123_2_1,5
448_1_1,6
715_8_1,5
242_2_2,6
440_6_1,5
802_5_2,5
542_8_1,2
812_9_2,6
801_2_1,5
163_4_1,4
580_3_1,1
765_10_2,7
83_5_1,4
224_7_1,6
187_8_2,3
738_11_1,2
62_6_1,4
637_3_1,7
586_1_1,8
824_10_1,7
774_7_2,3
767_8_2,3
706_8_2,8
136_8_1,1
798_3_1,5
474_5_2,7
87_7_1,5
160_7_1,4
400_10_1,3
588_4_1,1
203_7_1,8
321_3_1,8
582_4_2,7
564_3_1,5
9_4_1,5
217_5_2,4
547_6_1,4
284_10_1,8
586_10_2,7
485_1_1,3
656_8_1,5
103_5_1,2
154_3_1,3
210_6_1,7
697_1_2,7
359_5_1,5
432_1_1,6
680_8_1,7
297_1_1,5
470_5_2,2
769_3_2,4
315_2_1,4
647_1_2,2
341_5_1,6
743_1_1,3
709_12_2,8
616_2_1,6
143_10_2,1
50_7_1,6
768_7_1,4
469_3_1,5
99_3_1,5
714_11_1,2
556_5_2,7
175_8_3,3
208_8_1,6
514_1_1,6
605_6_1,3
392_8_1,5
425_9_1,4
278_7_1,4
123_6_2,4
292_5_1,7
163_3_2,5
760_7_1,8
549_1_1,5
620_1_1,5
11_3_2,4
479_8_1,3
538_8_1,7
651_9_1,2
656_6_1,1
656_4_1,4
502_8_1,3
364_1_1,5
53_8_1,6
721_10_3,9
239_1_2,4
756_4_1,6
192_4_2,5
798_6_2,4
196_6_1,4
616_5_3,1
453_7_1,3
344_9_1,3
105_8_1,4
63_5_2,7
506_1_1,8
18_6_1,4
688_9_1,3
326_9_1,1
686_4_1,7
173_2_1,7
647_10_2,8
818_1_1,6
284_5_1,7
416_4_1,7
470_1_1,4
143_4_3,5
283_3_1,7
727_6_1,7
106_7_1,3
224_4_1,3
538_5_1,6
69_8_1,5
821_7_1,1
58_5_1,3
253_6_1,4
509_1_1,6
119_5_7,5
497_2_1,6
483_2_1,7
67_8_1,4
408_11_1,3
552_1_2,2
229_6_1,3
790_3_1,4
735_8_2,6
663_7_1,1
561_6_1,4
201_3_1,6
280_8_1,9
80_9_1,2
805_11_2,4
121_12_1,3
704_4_1,6
16_4_2,8
211_4_1,4
282_2_1,8
574_2_1,7
745_2_1,3
134_7_2,1
20_4_1,3
288_2_1,2
550_2_2,4
565_2_1,4
137_3_1,6
755_1_2,5
291_1_2,6
368_10_1,1
705_1_1,5
37_1_1,1
117_3_1,5
364_7_2,5
534_4_1,4
647_4_2,5
361_8_1,6
746_7_2,5
497_4_1,6
407_2_2,8
756_12_3,6
376_2_1,5
618_5_1,3
168_2_2,7
822_11_2,5
118_11_1,5
295_4_1,3
662_4_1,3
719_6_1,7
777_4_2,3
213_3_1,4
784_8_1,6
575_7_1,6
830_2_2,5
562_1_1,4
587_12_1,7
759_7_1,5
124_2_1,4
228_6_1,3
532_8_1,6
508_5_1,5
796_3_1,5
123_8_1,7
564_9_1,6
504_3_1,4
758_11_2,7
829_7_2,6
597_7_1,5
704_6_2,5
185_2_1,1
763_7_1,3
710_2_1,6
733_6_2,1
283_4_1,8
661_5_1,2
183_2_1,5
445_7_2,8
175_5_1,1
34_1_1,3
444_6_1,8
444_5_1,7
344_8_1,5
518_8_1,8
337_9_1,5
760_12_1,8
597_6_1,4
497_7_1,8
117_2_2,6
587_1_1,6
650_3_1,4
301_3_1,5
273_4_1,4
602_3_1,5
465_1_1,3
31_7_1,5
200_4_1,4
220_7_1,5
811_5_1,5
561_9_1,4
116_7_1,7
513_4_1,7
615_8_2,6
34_5_1,3
84_6_1,3
795_5_1,5
833_6_1,4
239_8_1,5
680_7_2,3
704_11_2,4
145_1_1,5
765_8_2,6
698_5_2,6
802_9_2,5
625_9_1,4
338_2_1,3
325_1_1,5
705_2_2,6
223_6_1,3
302_9_1,4
377_7_2,2
728_3_1,6
289_5_1,2
539_7_1,8
462_4_1,2
86_8_1,3
240_5_1,4
784_7_1,8
77_6_1,3
594_8_1,4
385_2_2,3
572_1_1,2
401_2_1,4
284_6_1,6
800_2_2,3
317_8_1,4
5_9_1,4
238_3_1,4
207_2_1,5
525_5_1,5
33_3_1,3
366_7_1,6
305_6_1,7
106_11_1,2
353_9_1,5
611_8_1,2
418_6_1,2
441_7_1,6
707_2_2,4
695_1_1,4
539_4_1,7
155_2_2,7
141_11_1,5
286_10_1,5
247_2_1,1
70_7_1,5
114_1_1,6
327_11_1,4
394_1_2,5
459_9_1,6
61_5_1,5
277_7_1,3
166_1_1,3
514_2_1,6
320_7_1,6
1_12_1,4
458_4_1,1
290_7_1,2
706_7_1,4
609_6_1,4
624_8_1,6
732_2_1,8
182_3_2,1
151_2_2,6
304_5_1,8
332_2_1,2
227_8_2,5
682_9_1,6
341_8_1,4
97_6_1,2
285_4_1,7
127_6_1,4
755_7_1,1
397_3_1,6
134_4_2,3
250_1_1,4
160_6_3,5
223_8_1,4
795_4_1,5
56_9_1,6
111_1_1,6
567_1_1,4
484_7_3,7
743_8_2,1
342_1_2,3
382_2_3,4
707_5_1,7
98_7_1,3
332_5_1,4
810_6_1,6
219_6_1,4
266_10_1,5
283_6_1,7
350_1_1,6
304_1_1,8
814_3_2,3
718_7_2,5
111_6_1,8
673_3_2,4
137_5_1,2
604_1_1,3
573_8_1,2
67_7_1,6
709_8_1,6
305_11_1,5
676_3_2,6
613_6_1,5
327_3_1,2
683_7_1,5
287_5_1,6
216_8_1,4
77_4_1,3
466_3_1,2
72_3_1,4
248_8_1,6
165_6_1,4
43_10_1,4
74_5_1,3
650_2_1,5
469_12_2,5
80_5_1,3
55_3_1,7
238_8_2,4
403_1_2,6
13_2_1,8
502_5_1,4
521_7_1,6
632_11_1,3
794_5_1,5
259_11_1,6
193_4_1,3
449_8_2,9
495_4_1,7
575_1_1,5
457_2_1,6
672_6_1,5
693_8_1,4
190_7_1,4
121_10_1,1
733_3_2,1
67_1_1,6
23_1_1,3
459_10_1,5
309_11_1,4
628_9_1,6
262_5_1,6
376_3_2,4
714_1_1,2
429_3_1,5
72_5_1,7
718_1_1,5
504_6_1,6
75_1_1,3
692_2_2,5
383_8_1,3
526_3_1,4
297_11_1,4
384_3_1,3
782_3_1,3
602_11_1,4
473_7_2,3
649_5_1,5
683_4_1,5
277_2_1,6
742_4_1,4
312_8_1,5
556_1_1,8
48_9_1,4
107_6_1,3
236_1_3,2
47_3_1,3
243_5_1,2
588_6_1,1
723_12_4,6
719_2_1,9
459_11_1,5
829_3_2,5
457_10_1,5
139_2_1,2
259_7_1,4
296_5_1,5
809_2_2,5
168_1_2,7
274_7_1,6
764_12_2,5
517_1_1,6
751_2_1,5
468_4_1,5
584_5_1,4
281_11_1,6
572_9_2,7
576_6_2,4
808_3_1,3
147_5_1,5
410_5_1,5
480_2_1,5
541_1_1,2
251_3_1,3
178_7_2,2
336_9_1,5
747_9_2,5
449_10_2,8
513_2_1,6
779_5_1,5
691_8_1,4
451_7_1,1
184_2_1,1
110_3_2,4
288_7_1,3
491_3_1,5
331_6_1,6
510_7_1,7
722_1_1,4
157_5_1,4
513_6_1,7
106_1_1,1
588_1_1,1
73_6_1,7
26_5_1,5
476_2_1,3
206_2_1,5
252_9_1,4
407_9_4,9
511_10_1,6
550_4_2,3
114_4_1,10
79_8_1,4
696_4_1,3
560_1_1,4
247_12_1,3
21_3_1,3
598_9_1,7
567_3_1,8
748_8_2,4
543_4_3,3
78_2_1,3
110_4_1,8
179_11_2,3
372_11_1,8
576_8_1,6
69_4_1,5
614_8_1,2
757_7_2,5
702_2_1,7
452_8_1,6
653_2_1,3
24_4_1,4
430_8_1,3
232_4_1,4
528_2_1,4
680_6_1,5
358_2_1,3
233_10_5,4
333_6_1,6
424_3_1,6
765_7_1,6
81_1_1,4
550_1_1,4
127_3_1,4
421_8_1,6
815_2_1,6
80_6_1,4
417_5_1,3
682_1_1,5
457_11_1,6
626_5_2,6
289_6_1,1
579_10_1,1
394_3_1,2
548_6_1,4
263_2_1,5
251_5_1,3
245_9_1,4
489_1_1,5
172_5_2,6
770_6_2,7
116_2_1,6
762_3_2,5
69_3_1,1
182_2_1,2
592_9_1,7
351_6_1,5
327_6_1,3
238_5_1,5
656_7_1,1
345_9_1,4
254_7_1,4
677_10_2,7
288_11_1,3
236_7_1,4
806_10_1,3
206_3_1,7
122_11_1,4
801_7_1,4
263_3_1,5
724_6_1,7
636_4_1,7
793_7_2,4
829_4_4,6
105_5_1,5
435_1_1,3
76_2_1,3
274_2_1,5
493_8_1,6
662_9_1,3
272_5_1,4
716_2_1,7
198_8_2,7
709_7_1,5
50_8_1,5
252_4_1,5
801_6_1,5
161_5_1,4
608_11_1,3
230_6_1,4
128_5_1,3
166_7_1,8
514_3_1,6
60_4_1,4
352_4_1,2
625_3_1,2
207_4_1,2
819_1_1,6
712_3_1,6
317_2_1,4
151_8_2,8
640_10_1,6
523_6_1,4
109_4_1,6
372_12_1,5
68_8_1,6
142_6_2,6
808_10_2,3
424_9_2,5
598_8_1,5
371_4_1,2
408_6_1,6
539_8_2,6
824_4_3,7
324_1_1,4
352_8_1,5
646_6_3,3
722_2_1,4
449_5_2,8
781_5_1,4
709_2_3,8
329_9_1,2
667_5_1,1
655_1_1,3
136_1_1,2
261_9_1,8
307_10_1,6
254_1_1,3
639_8_2,8
29_3_1,4
127_9_1,3
242_3_2,6
795_3_1,6
176_6_4,4
273_5_1,4
88_2_1,4
141_7_2,5
488_1_1,4
223_3_1,4
530_1_1,5
330_4_1,2
437_3_1,5
130_10_1,7
283_2_1,8
814_1_2,4
825_3_2,5
40_2_1,5
332_3_1,4
286_4_1,5
596_5_1,8
319_6_1,5
271_1_2,6
393_3_1,5
804_5_1,5
497_1_1,6
179_8_1,1
590_6_2,6
316_3_1,4
661_3_1,2
694_7_2,5
57_1_1,5
814_7_2,4
161_6_2,2
467_2_1,4
46_2_1,4
671_6_1,2
752_6_1,7
308_8_1,2
3_9_1,3
259_5_1,4
207_6_1,5
88_7_1,3
602_10_1,5
344_1_1,4
173_1_2,6
677_7_1,5
309_9_1,6
470_4_1,3
291_7_1,5
58_6_1,3
524_1_1,5
511_4_1,6
186_7_1,2
460_11_1,6
36_3_1,4
443_3_1,4
584_3_2,1
323_9_1,9
172_1_2,5
557_8_1,4
75_6_1,3
795_1_1,6
828_8_2,5
818_7_2,5
541_8_1,3
434_8_1,3
606_6_1,3
374_8_2,4
741_3_1,3
319_2_1,4
618_12_1,3
610_1_1,3
509_4_1,7
499_7_1,6
806_5_1,3
86_6_1,5
529_10_1,6
406_6_1,6
645_2_1,7
511_5_1,6
355_7_1,6
463_3_1,6
506_2_1,6
279_8_1,8
608_3_1,5
291_2_2,2
66_2_1,7
66_3_1,6
650_9_1,4
786_4_3,4
670_5_3,3
628_5_1,6
98_6_1,4
651_8_1,3
812_4_1,4
82_5_1,4
621_1_1,5
275_6_1,7
47_2_1,4
527_10_1,4
48_2_1,4
278_2_1,4
774_1_2,1
202_7_1,7
747_12_1,2
455_3_1,6
121_4_5,4
750_3_1,5
782_5_2,3
634_9_1,4
45_10_1,4
481_1_2,8
555_8_2,3
156_8_1,5
579_12_1,1
462_8_7,4
704_1_2,5
322_1_1,3
429_1_1,6
255_11_1,5
97_5_1,2
766_3_1,1
446_5_1,7
789_5_2,4
761_12_2,5
210_3_1,8
46_8_1,4
545_7_1,4
585_12_1,6
19_4_1,5
817_7_1,7
387_2_1,2
657_5_1,3
51_8_1,6
769_10_2,1
433_2_1,4
523_8_1,6
448_2_1,6
410_1_1,7
129_10_1,5
834_6_1,5
107_9_1,5
491_8_1,7
10_7_2,3
282_1_1,6
616_7_1,5
761_6_2,4
766_7_1,3
571_5_2,7
99_5_1,4
286_1_2,4
513_1_1,7
488_4_1,3
541_4_1,5
692_6_1,4
455_2_1,5
753_11_1,4
54_1_1,5
50_1_2,2
621_8_1,4
787_4_1,3
526_2_1,8
335_2_1,3
762_6_2,6
766_12_3,6
437_8_1,4
183_4_2,5
601_2_1,4
551_4_1,3
480_9_1,4
645_4_3,8
794_4_1,6
646_12_2,3
295_5_1,3
306_4_1,7
648_5_1,3
59_1_1,6
21_4_1,3
721_2_2,5
746_4_1,7
799_7_1,7
827_8_2,3
252_3_1,4
386_6_1,3
113_6_1,7
652_2_1,2
287_8_2,3
465_8_1,3
691_7_2,5
221_5_2,3
194_6_1,3
379_8_1,4
628_10_3,7
256_10_1,3
96_12_1,4
189_5_1,5
811_2_1,4
528_5_1,5
799_1_2,2
543_8_1,2
412_6_1,5
103_4_1,2
176_5_1,1
173_7_2,6
269_6_2,4
205_7_1,4
802_6_2,5
50_9_1,6
111_4_1,8
446_8_1,6
744_12_2,4
148_4_3,2
531_8_1,6
567_2_1,3
267_5_1,4
58_1_1,7
244_7_1,7
87_2_1,4
658_7_1,3
245_6_1,4
339_8_1,6
618_2_1,2
544_11_1,2
723_2_2,6
236_5_2,4
627_2_1,6
312_11_1,5
380_8_1,3
451_6_2,5
106_8_1,3
68_9_1,2
466_6_1,5
524_5_1,4
461_1_1,4
665_6_1,2
682_2_1,5
570_9_1,3
371_7_1,3
317_3_1,4
132_2_2,4
246_2_1,1
317_4_1,5
613_2_1,2
30_6_1,3
142_8_1,6
689_10_1,5
533_5_1,5
615_4_1,6
625_7_2,1
739_9_1,4
373_5_1,5
659_9_1,2
561_4_1,4
491_1_1,7
393_4_1,6
743_9_2,2
510_3_1,7
716_1_1,6
404_7_2,6
229_3_1,3
75_2_1,3
341_7_1,5
518_3_1,6
71_1_1,2
652_10_1,2
31_4_1,3
576_3_1,3
51_6_1,6
181_4_2,4
33_7_1,6
557_1_2,4
760_5_2,2
212_2_1,4
216_6_1,4
313_2_1,4
558_8_1,4
43_5_1,5
713_3_1,7
201_2_1,6
466_7_1,4
826_7_1,3
349_3_1,4
191_6_1,1
620_6_1,6
739_5_1,3
772_8_2,6
221_7_1,6
505_8_1,4
658_8_1,3
675_5_2,5
779_8_1,6
46_6_1,3
825_7_2,4
749_9_2,5
664_6_1,3
770_1_1,5
321_4_1,4
581_4_1,1
764_5_2,6
386_5_1,3
768_4_1,2
263_9_1,7
80_1_1,2
312_9_1,5
334_3_1,4
697_10_1,7
551_9_1,5
822_6_1,7
590_8_1,3
292_8_2,5
638_9_1,5
453_9_2,3
486_5_1,4
564_7_1,4
527_5_1,2
187_10_1,6
301_4_1,4
485_4_1,3
155_1_2,3
333_8_1,6
353_3_1,2
761_9_4,5
661_9_1,4
520_4_1,6
620_7_1,6
383_7_5,1
712_6_2,7
825_10_2,5
217_9_3,3
354_1_1,6
635_7_1,2
570_5_2,6
310_6_1,7
321_6_1,6
702_3_1,5
644_6_2,6
89_4_1,3
381_9_1,4
711_5_1,6
636_3_2,7
10_1_1,6
557_2_1,3
833_4_8,6
149_8_1,5
326_4_1,2
141_8_1,5
156_2_2,4
746_8_1,6
810_10_1,3
420_1_2,4
502_2_1,4
198_2_3,5
489_4_1,6
467_4_2,4
545_8_1,2
168_10_2,7
832_10_1,3
56_1_1,6
138_7_1,6
330_7_1,7
586_9_3,6
82_3_1,5
194_3_2,1
633_9_2,2
636_2_2,7
357_7_1,1
439_1_2,5
643_3_2,8
79_7_1,4
157_2_1,5
821_10_1,4
61_3_2,6
199_3_1,3
183_7_1,5
381_2_1,1
641_2_2,9
410_4_1,5
461_6_1,3
519_3_1,6
662_2_1,2
404_3_1,7
135_1_2,2
330_1_1,3
208_9_1,3
304_4_1,7
702_12_2,4
388_3_1,4
498_2_1,5
818_5_1,5
791_11_1,8
592_1_2,6
660_8_1,1
177_2_2,5
231_6_1,6
225_11_1,3
495_7_1,5
185_4_1,2
5_5_1,4
56_7_1,7
296_1_1,8
457_12_1,6
398_6_1,4
161_8_2,4
617_6_1,3
556_7_1,8
428_3_1,5
268_4_1,3
330_6_1,3
503_2_1,3
806_4_3,2
211_2_1,7
606_4_1,2
212_5_2,3
690_12_2,5
663_10_1,1
455_6_1,6
47_5_1,3
640_6_1,7
18_5_1,5
553_5_1,3
776_9_2,3
685_4_1,5
90_3_1,5
399_7_1,3
766_8_2,7
555_1_1,3
582_5_2,8
51_7_1,7
3_7_2,5
126_5_2,5
302_7_1,3
319_4_1,9
299_10_1,10
669_10_2,3
6_4_1,8
354_11_1,7
422_5_1,5
378_10_2,2
421_6_1,6
551_1_1,1
2_5_1,2
148_2_2,2
244_4_1,4
313_8_1,5
359_1_1,4
484_4_1,6
129_4_1,5
482_2_2,5
374_7_1,4
121_3_1,5
362_3_2,4
378_1_2,2
418_5_1,4
588_5_1,1
92_9_1,5
551_3_1,2
181_2_2,2
360_5_1,3
499_4_1,4
115_9_1,5
695_7_1,3
512_3_1,7
770_3_2,2
678_4_2,4
347_6_2,3
204_1_1,4
797_1_2,6
103_6_1,3
171_10_1,7
465_2_1,4
749_1_2,4
107_4_2,3
126_1_1,5
619_7_1,5
515_4_2,5
205_6_1,5
209_4_3,4
574_9_1,5
397_9_1,4
634_3_1,4
169_7_4,7
651_3_1,3
404_8_2,5
585_8_2,5
819_9_1,8
405_2_2,6
724_4_1,2
88_9_1,5
664_7_1,2
412_5_1,6
460_3_1,7
302_3_1,5
166_8_1,5
776_5_2,7
683_8_1,4
556_2_1,3
696_7_1,4
124_3_1,6
756_5_1,6
808_4_2,7
690_9_1,5
507_3_1,5
436_9_1,4
310_5_1,5
485_3_1,4
150_10_1,5
523_7_1,5
190_8_1,7
691_5_2,7
225_12_1,1
127_10_1,5
17_1_1,2
171_7_1,7
641_3_1,5
559_8_1,4
112_5_1,6
350_3_1,8
794_2_1,5
551_6_1,4
794_9_1,5
715_1_1,5
407_4_2,2
152_1_1,5
484_9_2,9
815_5_1,5
509_3_1,7
713_4_3,7
155_8_2,5
287_4_2,2
343_7_1,5
35_4_1,5
574_3_1,5
130_5_2,6
154_6_1,7
127_1_1,2
479_6_1,3
317_7_1,4
537_7_1,5
133_3_2,2
618_8_1,3
36_2_1,3
131_5_1,6
165_5_1,2
122_1_1,4
298_7_1,5
665_3_1,3
243_6_1,4
598_4_1,4
160_3_1,5
78_4_1,3
605_8_1,5
218_7_1,4
174_7_2,3
678_8_2,6
198_4_3,5
207_8_1,4
447_2_2,8
295_2_1,4
277_9_1,7
829_10_1,6
398_5_1,6
400_4_1,4
164_4_2,3
72_8_1,5
296_2_1,6
161_1_1,4
678_3_2,5
690_5_2,5
250_5_1,4
331_1_1,4
34_6_1,2
79_6_1,5
804_3_1,6
386_3_1,2
434_6_1,7
727_7_1,8
550_6_2,7
504_1_1,3
790_5_2,5
256_12_1,3
545_6_1,4
654_8_1,2
265_3_1,5
4_6_1,3
256_2_1,3
492_2_1,7
814_6_1,3
403_2_2,9
477_9_1,5
17_2_1,3
617_9_1,5
819_2_2,7
576_1_1,3
2_7_1,4
715_2_1,5
560_6_1,4
191_8_2,2
296_10_1,5
582_2_1,4
382_7_1,2
501_7_1,3
293_6_1,2
47_7_1,2
644_7_1,7
716_6_1,6
118_5_2,3
798_7_2,5
572_8_1,7
269_5_1,5
450_1_1,3
756_11_4,6
788_4_2,5
454_1_1,4
67_3_1,3
465_4_1,4
592_7_2,6
159_6_1,5
536_3_1,3
175_4_2,5
502_4_1,3
549_9_1,4
225_10_1,4
373_6_1,4
181_3_1,4
623_6_1,7
813_2_2,5
477_5_1,4
160_2_1,6
589_1_1,2
215_1_1,3
120_5_1,4
778_6_1,7
666_3_1,2
736_12_2,4
765_9_2,4
51_4_1,3
260_2_1,5
792_7_2,6
248_5_1,8
20_8_1,3
487_2_1,3
113_9_1,4
45_1_1,3
568_7_1,5
517_4_1,4
95_3_1,4
372_8_1,5
830_10_1,5
366_2_1,3
39_8_1,1
581_8_1,1
83_6_1,5
249_10_1,3
459_3_1,5
39_3_1,3
293_1_1,2
599_8_1,6
295_6_1,5
463_8_2,7
476_6_2,4
241_8_1,3
730_12_4,8
429_5_1,5
94_6_1,5
455_10_1,3
606_7_1,4
159_3_1,5
644_1_1,6
736_9_1,4
450_5_2,5
267_9_1,4
514_7_1,7
65_4_2,6
745_4_1,2
52_2_1,3
622_1_1,7
831_5_2,5
825_4_2,3
722_5_1,5
26_8_1,5
58_3_1,8
257_12_1,4
304_11_1,8
32_4_1,5
712_1_1,6
139_4_1,5
711_1_1,6
215_2_1,3
490_2_2,7
90_4_1,3
70_1_1,2
180_11_2,1
284_11_1,8
394_2_2,3
796_8_1,5
241_6_1,6
80_3_1,2
40_5_1,6
783_3_1,7
54_5_1,4
618_9_1,3
14_2_1,3
381_4_1,6
530_11_1,7
272_3_1,6
214_8_2,5
12_2_2,7
281_3_1,8
397_10_1,6
622_4_1,7
244_6_1,5
506_6_1,6
357_2_1,2
1_3_1,4
543_3_1,3
117_11_1,6
713_12_2,4
341_2_1,4
74_9_1,2
625_6_3,1
368_2_1,3
307_2_1,6
198_1_2,7
706_4_2,5
27_6_1,3
98_4_1,3
438_5_1,6
654_2_1,5
256_6_1,4
755_11_1,1
196_8_3,4
21_6_2,3
588_11_1,1
446_9_2,8
638_3_5,8
793_3_2,3
252_7_1,4
35_2_1,5
483_6_2,9
522_2_1,6
665_4_1,3
474_6_2,7
50_4_1,6
73_8_1,4
832_6_1,7
773_3_2,4
798_1_2,5
66_1_1,3
221_4_1,3
235_4_1,4
496_7_1,7
419_5_1,5
282_7_1,7
404_2_3,8
66_8_1,4
369_6_1,5
560_3_1,4
488_6_1,4
87_5_1,4
788_5_1,6
556_6_1,3
455_4_1,5
132_4_1,2
74_8_1,3
65_9_1,6
423_6_1,5
460_7_1,5
687_3_2,5
201_8_1,3
452_4_1,6
796_4_1,5
227_2_1,3
99_8_1,6
100_1_1,3
685_12_1,5
232_8_1,4
248_9_1,2
405_3_1,7
450_10_1,5
117_8_1,6
496_5_1,6
619_11_1,7
774_6_2,3
523_5_1,4
504_4_1,4
515_6_1,5
124_6_1,5
650_7_1,4
432_8_1,4
761_8_2,4
473_6_2,5
753_6_1,7
387_7_1,2
395_5_2,3
401_3_1,3
692_1_1,4
138_5_1,6
692_8_1,5
356_6_1,3
111_11_1,3
823_6_1,2
646_8_1,5
65_5_1,5
769_6_2,3
605_5_1,3
182_6_1,1
445_3_2,7
452_3_2,5
584_4_2,6
314_4_1,5
375_5_2,6
501_1_1,3
790_7_2,6
114_5_1,8
4_7_1,6
314_5_1,5
304_7_1,4
96_3_1,4
469_6_2,3
602_7_1,5
36_5_1,4
86_7_1,4
770_8_1,1
295_3_1,3
670_7_1,5
716_4_1,8
3_8_1,5
345_3_1,4
111_9_1,7
115_10_1,5
131_2_2,4
661_4_1,2
159_2_1,5
573_5_1,6
721_7_1,2
35_6_1,5
261_8_1,6
156_6_2,3
298_8_1,4
72_4_1,4
180_6_1,5
488_11_1,3
156_9_1,7
586_6_1,5
441_9_2,5
315_4_1,3
126_9_1,6
597_4_1,4
569_2_1,6
627_10_1,1
722_4_2,6
259_2_1,2
820_5_2,7
212_3_1,5
719_7_1,7
249_5_1,3
37_7_1,6
194_4_5,5
252_6_1,5
74_6_1,3
417_3_1,2
301_6_1,3
267_4_1,5
500_9_1,4
729_8_1,8
468_9_1,6
439_7_2,4
341_1_1,4
566_3_1,8
799_3_5,4
760_3_2,5
70_5_1,5
600_5_1,6
309_10_1,2
468_5_1,1
536_8_1,7
686_7_1,7
215_6_1,5
326_7_1,2
688_1_2,6
214_2_1,6
268_7_1,4
406_1_2,7
299_1_1,4
540_1_1,1
161_7_1,2
710_1_1,8
773_2_1,3
492_4_1,7
630_10_2,3
199_12_1,8
738_2_2,5
271_4_1,4
300_7_1,2
40_6_1,5
748_2_2,5
390_1_1,4
737_4_3,1
505_7_1,5
100_4_1,4
378_6_2,2
214_11_1,6
424_6_1,6
5_6_1,8
569_9_1,7
115_5_1,6
497_6_1,7
517_7_1,6
122_14_1,4
123_12_1,4
681_1_1,5
178_3_2,9
196_1_1,5
518_1_1,5
664_10_1,3
534_3_1,5
170_4_1,8
780_9_1,4
791_1_1,6
124_5_1,6
336_4_2,5
632_2_2,5
206_1_1,3
162_3_1,3
461_3_1,4
173_5_2,6
242_8_1,5
585_6_1,5
701_6_1,6
396_2_1,3
254_9_1,5
112_9_1,6
610_7_1,3
509_7_1,3
533_1_1,5
1_5_1,6
264_11_1,6
107_2_1,3
343_4_1,4
309_5_1,6
240_4_2,5
200_6_1,3
240_3_1,5
785_5_2,7
343_3_1,6
91_7_1,3
7_7_1,4
225_7_1,5
481_7_1,7
320_5_1,4
351_2_1,1
118_1_2,7
687_9_4,6
104_1_1,2
541_3_3,6
426_3_1,6
174_6_1,7
446_7_1,5
111_7_1,8
609_8_1,4
234_8_2,3
2_4_1,7
428_1_2,6
183_8_2,5
101_7_1,5
679_8_2,6
655_5_1,2
509_6_1,8
264_10_2,4
709_5_2,7
827_6_1,7
280_4_1,7
121_6_1,2
562_9_1,6
330_2_1,2
89_1_1,5
54_10_1,5
549_7_1,4
19_2_1,3
255_7_1,5
699_10_1,5
146_7_1,7
438_10_2,8
257_4_1,4
471_2_2,7
329_2_1,2
561_7_1,4
555_5_1,3
664_2_1,2
752_7_1,4
546_3_1,4
304_3_1,8
158_7_2,2
222_4_1,5
440_1_1,5
34_8_1,3
600_2_1,8
831_2_1,4
31_5_1,4
809_5_2,6
572_7_2,6
255_6_1,5
768_8_1,2
740_10_2,3
102_6_1,5
477_4_3,4
677_1_2,6
226_6_1,1
708_3_1,3
544_5_1,1
308_9_1,7
69_2_1,2
406_3_1,8
93_4_1,4
39_7_1,4
441_3_1,3
142_5_1,6
821_8_1,4
515_1_2,5
347_3_1,3
116_1_1,6
449_7_1,9
496_1_1,6
5_8_1,2
558_6_1,4
535_10_1,4
374_1_2,7
832_12_2,5
334_5_1,4
404_1_1,7
148_7_1,3
77_8_1,4
824_6_1,7
184_4_1,2
563_3_1,4
381_5_1,7
117_10_1,6
303_6_1,3
636_7_2,8
752_2_1,5
675_7_2,7
603_10_1,2
104_3_1,4
191_3_2,3
367_4_1,3
530_2_1,5
79_5_1,5
554_9_1,8
482_8_1,7
49_7_1,3
544_4_2,2
813_5_1,6
499_9_1,3
51_1_1,6
601_12_1,5
643_1_1,7
673_5_2,5
421_1_1,3
6_9_1,5
800_3_2,4
822_4_2,7
456_5_3,5
466_8_1,2
809_11_1,5
303_8_1,3
219_7_1,5
806_8_1,3
683_2_1,5
508_9_1,3
43_3_1,6
27_8_1,2
459_1_1,7
168_7_1,7
762_5_2,5
487_8_2,3
456_2_1,7
42_2_1,4
655_8_1,2
376_6_2,3
796_9_1,5
390_5_1,2
807_1_2,4
291_4_2,7
525_8_1,3
444_7_2,7
183_3_2,7
22_4_1,3
526_5_1,2
698_2_2,7
447_3_2,7
529_7_1,6
645_12_1,6
680_3_2,7
687_2_4,6
118_4_2,2
8_6_1,4
156_1_1,2
643_2_1,8
730_6_2,8
266_3_1,5
191_7_2,2
20_2_1,5
61_2_1,6
558_7_1,5
491_2_1,7
221_3_2,2
94_7_1,3
224_2_1,3
563_7_1,4
607_8_1,3
340_1_1,3
673_7_2,4
525_3_1,7
167_6_1,6
741_7_2,7
357_10_1,2
24_3_1,2
143_1_2,1
258_6_1,3
833_5_2,4
19_5_1,4
516_6_1,4
612_3_1,1
421_5_1,6
599_6_1,9
359_4_1,5
473_2_1,4
174_3_1,3
788_2_1,4
705_8_1,6
454_7_1,2
817_3_2,4
600_7_1,8
379_7_1,1
372_6_1,8
724_5_1,8
214_7_1,3
370_3_1,2
57_8_1,5
77_3_1,4
534_1_1,5
604_4_1,5
778_5_1,8
260_6_1,7
507_6_1,5
677_9_2,5
203_8_2,3
586_8_1,5
730_1_2,5
6_2_1,6
262_3_1,4
491_6_1,7
273_1_1,5
10_3_1,4
667_2_1,5
823_3_1,6
333_4_1,3
398_7_1,4
260_8_1,6
56_2_1,5
257_7_1,4
318_8_1,2
163_6_2,5
429_8_1,5
164_1_1,2
30_5_1,6
694_10_1,3
326_1_1,2
578_2_1,6
322_8_1,1
411_2_1,5
399_5_1,2
495_3_1,6
347_2_1,5
605_3_1,4
529_1_1,5
264_6_1,4
336_1_2,5
346_3_1,3
587_2_2,8
174_4_6,4
782_7_1,5
754_3_1,2
819_6_2,6
626_3_2,4
160_8_1,4
743_11_1,3
817_6_2,4
195_5_1,3
753_8_2,3
399_9_1,4
571_8_1,3
601_5_1,4
782_1_1,2
606_3_1,5
450_4_1,4
